,gender,age,household_income,degree,school_degree,parking_strategy,survey_income_interval,income_group
0,2.0,27.0,4077.0,10.0,5.0,3.0,6.0,1
1,2.0,46.0,4824.0,7.0,5.0,4.0,6.0,1
2,1.0,70.0,3733.0,4.0,3.0,7.0,6.0,1
3,2.0,50.0,4864.0,10.0,5.0,4.0,6.0,1
4,2.0,48.0,2475.0,5.0,5.0,3.0,5.0,1
5,2.0,67.0,4111.0,4.0,3.0,3.0,6.0,1
6,1.0,55.0,2973.0,5.0,4.0,5.0,5.0,1
7,2.0,38.0,9443.0,10.0,5.0,3.0,7.0,2
8,2.0,51.0,12113.0,10.0,5.0,3.0,7.0,2
9,1.0,77.0,2898.0,7.0,3.0,4.0,5.0,1
10,1.0,33.0,6644.0,5.0,4.0,3.0,7.0,2
11,1.0,29.0,4088.0,7.0,5.0,4.0,6.0,1
12,2.0,63.0,3779.0,4.0,5.0,4.0,6.0,1
13,2.0,42.0,8145.0,10.0,5.0,3.0,7.0,2
14,2.0,64.0,1777.0,4.0,4.0,4.0,3.0,0
15,2.0,38.0,1591.0,4.0,4.0,3.0,4.0,0
16,2.0,68.0,1273.0,4.0,3.0,3.0,3.0,0
17,1.0,43.0,5916.0,4.0,4.0,3.0,7.0,2
18,1.0,55.0,5646.0,9.0,5.0,3.0,7.0,1
19,1.0,37.0,6248.0,11.0,5.0,3.0,7.0,2
20,2.0,47.0,7985.0,4.0,5.0,7.0,7.0,2
21,1.0,45.0,5249.0,8.0,5.0,3.0,7.0,1
22,1.0,65.0,3659.0,4.0,3.0,5.0,5.0,1
23,1.0,45.0,10458.0,9.0,5.0,4.0,7.0,2
24,2.0,26.0,1573.0,8.0,5.0,5.0,4.0,0
25,1.0,47.0,4827.0,4.0,4.0,3.0,6.0,1
26,2.0,51.0,3113.0,6.0,4.0,5.0,4.0,1
27,2.0,39.0,9596.0,11.0,5.0,4.0,7.0,2
28,1.0,33.0,4583.0,10.0,5.0,4.0,6.0,1
29,2.0,75.0,2910.0,9.0,5.0,5.0,5.0,1
30,2.0,51.0,3232.0,5.0,4.0,5.0,5.0,1
31,1.0,55.0,5956.0,4.0,4.0,4.0,7.0,2
32,1.0,28.0,2620.0,11.0,5.0,4.0,5.0,1
33,2.0,77.0,3887.0,7.0,5.0,4.0,6.0,1
34,1.0,76.0,1516.0,0.0,3.0,3.0,3.0,0
35,1.0,34.0,4707.0,7.0,5.0,4.0,6.0,1
36,2.0,30.0,4518.0,1.0,5.0,7.0,6.0,1
37,2.0,48.0,3655.0,4.0,5.0,4.0,6.0,1
38,2.0,58.0,5536.0,4.0,4.0,3.0,7.0,1
39,1.0,52.0,4807.0,7.0,4.0,3.0,6.0,1
40,2.0,43.0,4038.0,5.0,5.0,7.0,5.0,1
41,1.0,51.0,2743.0,10.0,5.0,4.0,5.0,1
42,1.0,52.0,3381.0,11.0,5.0,5.0,6.0,1
43,2.0,66.0,2071.0,6.0,4.0,3.0,3.0,0
44,2.0,57.0,3949.0,5.0,5.0,3.0,6.0,1
45,2.0,36.0,4140.0,10.0,5.0,5.0,6.0,1
46,2.0,63.0,1733.0,10.0,5.0,3.0,4.0,0
47,2.0,26.0,1798.0,4.0,5.0,5.0,4.0,0
48,1.0,60.0,2811.0,4.0,3.0,3.0,5.0,1
49,1.0,34.0,4082.0,8.0,5.0,3.0,5.0,1
50,2.0,71.0,4845.0,6.0,4.0,7.0,6.0,1
51,2.0,73.0,2323.0,4.0,3.0,4.0,5.0,1
52,1.0,47.0,9079.0,9.0,5.0,5.0,7.0,2
53,1.0,69.0,2165.0,4.0,3.0,5.0,4.0,0
54,1.0,39.0,2853.0,9.0,5.0,3.0,4.0,1
55,2.0,40.0,2184.0,7.0,4.0,7.0,4.0,0
56,2.0,53.0,3630.0,5.0,4.0,5.0,6.0,1
57,2.0,42.0,2500.0,9.0,5.0,7.0,5.0,1
58,2.0,64.0,3247.0,6.0,4.0,3.0,5.0,1
59,2.0,61.0,2299.0,4.0,3.0,4.0,4.0,1
60,2.0,71.0,1490.0,4.0,3.0,5.0,4.0,0
61,1.0,70.0,1967.0,4.0,4.0,7.0,4.0,0
62,2.0,49.0,3703.0,4.0,4.0,3.0,6.0,1
63,2.0,61.0,1720.0,4.0,3.0,5.0,4.0,0
64,1.0,80.0,1867.0,7.0,5.0,3.0,4.0,0
65,1.0,32.0,3316.0,8.0,5.0,3.0,5.0,1
66,1.0,42.0,6035.0,4.0,4.0,3.0,7.0,2
67,2.0,60.0,1826.0,3.0,3.0,3.0,4.0,0
68,2.0,45.0,5138.0,11.0,5.0,5.0,7.0,1
69,1.0,38.0,1757.0,5.0,4.0,4.0,4.0,0
70,2.0,47.0,6775.0,10.0,5.0,7.0,7.0,2
71,2.0,78.0,3536.0,4.0,3.0,4.0,5.0,1
72,1.0,48.0,9585.0,10.0,5.0,3.0,7.0,2
73,1.0,30.0,4905.0,10.0,5.0,3.0,6.0,1
74,2.0,60.0,4408.0,4.0,5.0,3.0,6.0,1
75,1.0,72.0,1332.0,4.0,3.0,7.0,3.0,0
76,2.0,42.0,2329.0,4.0,3.0,3.0,5.0,1
77,1.0,46.0,2174.0,4.0,4.0,4.0,4.0,0
78,1.0,65.0,3725.0,4.0,3.0,5.0,5.0,1
79,2.0,68.0,1506.0,4.0,3.0,4.0,4.0,0
80,1.0,65.0,2545.0,4.0,2.0,3.0,5.0,1
81,1.0,59.0,2861.0,5.0,4.0,5.0,5.0,1
82,2.0,61.0,684.0,4.0,5.0,7.0,3.0,0
83,1.0,44.0,4031.0,10.0,5.0,3.0,6.0,1
84,1.0,49.0,4389.0,7.0,5.0,4.0,6.0,1
85,1.0,31.0,2664.0,8.0,5.0,3.0,5.0,1
86,1.0,71.0,4660.0,4.0,4.0,5.0,6.0,1
87,2.0,58.0,1682.0,3.0,5.0,3.0,4.0,0
88,1.0,46.0,4958.0,4.0,4.0,3.0,6.0,1
89,2.0,48.0,5371.0,10.0,5.0,3.0,7.0,1
90,1.0,34.0,2386.0,4.0,4.0,3.0,5.0,1
91,2.0,61.0,4329.0,3.0,4.0,7.0,6.0,1
92,1.0,54.0,1952.0,4.0,5.0,5.0,4.0,0
93,1.0,70.0,3773.0,4.0,3.0,4.0,6.0,1
94,1.0,56.0,2362.0,4.0,3.0,5.0,5.0,1
95,1.0,24.0,2296.0,4.0,5.0,3.0,4.0,1
96,2.0,49.0,4634.0,4.0,5.0,4.0,6.0,1
97,1.0,18.0,722.0,1.0,5.0,7.0,3.0,0
98,1.0,20.0,5809.0,1.0,5.0,4.0,7.0,1
99,1.0,29.0,445.0,3.0,5.0,5.0,1.0,0
100,1.0,64.0,3651.0,4.0,3.0,5.0,6.0,1
101,2.0,71.0,2927.0,7.0,4.0,3.0,5.0,1
102,2.0,53.0,5088.0,4.0,4.0,3.0,6.0,1
103,2.0,71.0,7720.0,4.0,3.0,4.0,7.0,2
104,2.0,34.0,4075.0,5.0,4.0,5.0,5.0,1
105,2.0,72.0,3355.0,4.0,3.0,4.0,6.0,1
106,2.0,65.0,4587.0,4.0,3.0,3.0,6.0,1
107,1.0,63.0,3273.0,7.0,5.0,3.0,6.0,1
108,1.0,46.0,1618.0,4.0,4.0,3.0,4.0,0
109,2.0,59.0,6425.0,9.0,5.0,4.0,7.0,2
110,1.0,66.0,2626.0,4.0,3.0,3.0,5.0,1
111,2.0,36.0,7355.0,10.0,5.0,3.0,7.0,2
112,2.0,75.0,4938.0,10.0,5.0,7.0,6.0,1
113,2.0,80.0,2481.0,3.0,3.0,5.0,5.0,1
114,1.0,33.0,5898.0,8.0,5.0,3.0,7.0,1
115,2.0,70.0,3752.0,4.0,4.0,5.0,5.0,1
116,1.0,39.0,11083.0,9.0,5.0,7.0,7.0,2
117,2.0,21.0,3762.0,5.0,4.0,3.0,6.0,1
118,1.0,42.0,8096.0,10.0,5.0,3.0,7.0,2
119,2.0,55.0,3709.0,7.0,4.0,7.0,6.0,1
120,1.0,32.0,4204.0,5.0,5.0,3.0,6.0,1
121,2.0,57.0,4054.0,4.0,4.0,4.0,6.0,1
122,1.0,57.0,5435.0,10.0,5.0,4.0,7.0,1
123,1.0,56.0,4506.0,4.0,5.0,3.0,6.0,1
124,2.0,46.0,3238.0,6.0,4.0,4.0,5.0,1
125,1.0,56.0,3820.0,4.0,3.0,7.0,6.0,1
126,2.0,56.0,815.0,5.0,3.0,5.0,3.0,0
127,2.0,28.0,3986.0,10.0,5.0,7.0,5.0,1
128,2.0,31.0,4247.0,3.0,5.0,7.0,6.0,1
129,1.0,50.0,2839.0,4.0,4.0,4.0,5.0,1
130,2.0,24.0,4673.0,1.0,5.0,5.0,6.0,1
131,1.0,75.0,4053.0,4.0,3.0,5.0,5.0,1
132,1.0,72.0,1913.0,4.0,4.0,3.0,4.0,0
133,1.0,19.0,2759.0,3.0,1.0,5.0,5.0,1
134,1.0,62.0,4672.0,7.0,4.0,5.0,6.0,1
135,1.0,35.0,3978.0,10.0,5.0,5.0,6.0,1
136,2.0,44.0,3569.0,4.0,5.0,7.0,6.0,1
137,1.0,80.0,4707.0,4.0,1.0,3.0,6.0,1
138,1.0,57.0,4848.0,3.0,5.0,3.0,6.0,1
139,1.0,56.0,4179.0,4.0,3.0,7.0,5.0,1
140,1.0,79.0,9536.0,4.0,3.0,4.0,7.0,2
141,1.0,69.0,3207.0,4.0,4.0,3.0,5.0,1
142,2.0,62.0,2678.0,4.0,3.0,5.0,5.0,1
143,2.0,62.0,14158.0,10.0,5.0,5.0,7.0,2
144,1.0,38.0,13346.0,11.0,5.0,7.0,7.0,2
145,2.0,22.0,3570.0,4.0,5.0,4.0,6.0,1
146,2.0,71.0,1615.0,12.0,3.0,3.0,4.0,0
147,2.0,52.0,8859.0,10.0,5.0,4.0,7.0,2
148,1.0,30.0,3570.0,4.0,5.0,4.0,6.0,1
149,2.0,53.0,6063.0,10.0,5.0,4.0,7.0,2
150,1.0,64.0,3104.0,4.0,3.0,7.0,4.0,1
151,1.0,49.0,7207.0,9.0,5.0,3.0,7.0,2
152,1.0,65.0,2141.0,4.0,3.0,3.0,4.0,0
153,1.0,30.0,5108.0,10.0,5.0,5.0,6.0,1
154,2.0,24.0,1623.0,1.0,5.0,3.0,4.0,0
155,1.0,29.0,5748.0,8.0,5.0,5.0,7.0,1
156,2.0,60.0,14309.0,11.0,5.0,4.0,7.0,2
157,2.0,26.0,4261.0,8.0,5.0,4.0,6.0,1
158,2.0,67.0,3073.0,7.0,5.0,4.0,5.0,1
159,2.0,69.0,712.0,4.0,4.0,4.0,3.0,0
160,2.0,51.0,3907.0,8.0,4.0,5.0,6.0,1
161,1.0,54.0,3196.0,10.0,5.0,4.0,5.0,1
162,1.0,42.0,4216.0,7.0,4.0,4.0,6.0,1
163,2.0,26.0,8519.0,10.0,5.0,4.0,7.0,2
164,1.0,28.0,7279.0,7.0,5.0,4.0,7.0,2
165,1.0,57.0,8052.0,9.0,5.0,5.0,7.0,2
166,1.0,36.0,1091.0,3.0,4.0,3.0,2.0,0
167,2.0,72.0,3223.0,4.0,3.0,4.0,5.0,1
168,2.0,51.0,3725.0,10.0,5.0,7.0,6.0,1
169,1.0,21.0,1688.0,1.0,5.0,3.0,4.0,0
170,2.0,33.0,3665.0,9.0,5.0,5.0,6.0,1
171,1.0,76.0,812.0,7.0,4.0,5.0,3.0,0
172,1.0,43.0,1862.0,4.0,4.0,3.0,4.0,0
173,2.0,57.0,807.0,4.0,4.0,3.0,3.0,0
174,1.0,44.0,6139.0,9.0,5.0,7.0,7.0,2
175,2.0,62.0,2283.0,4.0,3.0,5.0,4.0,1
176,2.0,22.0,3240.0,4.0,4.0,3.0,5.0,1
177,1.0,50.0,6227.0,4.0,3.0,3.0,7.0,2
178,2.0,44.0,3469.0,4.0,5.0,7.0,6.0,1
179,1.0,56.0,833.0,4.0,6.0,3.0,3.0,0
180,2.0,74.0,2019.0,4.0,3.0,3.0,4.0,0
181,2.0,48.0,4212.0,4.0,5.0,7.0,6.0,1
182,1.0,49.0,4028.0,4.0,4.0,3.0,6.0,1
183,1.0,51.0,1963.0,10.0,5.0,4.0,4.0,0
184,1.0,51.0,11958.0,8.0,5.0,7.0,7.0,2
185,1.0,20.0,5002.0,1.0,5.0,3.0,6.0,1
186,2.0,18.0,3864.0,4.0,5.0,3.0,6.0,1
187,2.0,69.0,4481.0,9.0,5.0,4.0,6.0,1
188,1.0,29.0,3758.0,10.0,5.0,5.0,6.0,1
189,1.0,31.0,3223.0,7.0,5.0,3.0,5.0,1
190,2.0,48.0,2348.0,6.0,4.0,4.0,5.0,1
191,2.0,41.0,2028.0,3.0,5.0,7.0,4.0,0
192,2.0,62.0,2161.0,3.0,3.0,3.0,4.0,0
193,1.0,51.0,5774.0,9.0,5.0,3.0,7.0,1
194,2.0,51.0,4315.0,4.0,5.0,7.0,6.0,1
195,2.0,79.0,4744.0,3.0,3.0,3.0,6.0,1
196,2.0,77.0,2101.0,4.0,3.0,3.0,4.0,0
197,1.0,29.0,2696.0,11.0,5.0,4.0,5.0,1
198,2.0,77.0,970.0,4.0,1.0,7.0,3.0,0
199,2.0,28.0,3481.0,10.0,5.0,3.0,5.0,1
200,1.0,29.0,2597.0,10.0,5.0,3.0,5.0,1
201,1.0,69.0,4943.0,4.0,3.0,5.0,6.0,1
202,2.0,59.0,2763.0,4.0,4.0,4.0,5.0,1
203,2.0,67.0,1784.0,10.0,5.0,3.0,4.0,0
204,1.0,57.0,538.0,4.0,4.0,4.0,3.0,0
205,2.0,45.0,1714.0,4.0,4.0,7.0,3.0,0
206,1.0,55.0,3732.0,3.0,5.0,4.0,6.0,1
207,1.0,37.0,2520.0,5.0,5.0,3.0,5.0,1
208,1.0,51.0,4943.0,10.0,5.0,7.0,6.0,1
209,1.0,19.0,5484.0,1.0,5.0,4.0,7.0,1
210,1.0,26.0,6288.0,9.0,5.0,7.0,7.0,2
211,2.0,74.0,1652.0,12.0,3.0,7.0,4.0,0
212,1.0,59.0,4958.0,3.0,5.0,3.0,6.0,1
213,2.0,27.0,4093.0,10.0,5.0,4.0,5.0,1
214,2.0,69.0,2265.0,6.0,5.0,5.0,3.0,1
215,2.0,81.0,3257.0,5.0,3.0,5.0,6.0,1
216,2.0,64.0,3011.0,10.0,5.0,5.0,5.0,1
217,2.0,72.0,2797.0,4.0,3.0,4.0,5.0,1
218,1.0,42.0,4300.0,9.0,5.0,4.0,6.0,1
219,1.0,49.0,9116.0,4.0,4.0,3.0,7.0,2
220,1.0,54.0,3508.0,9.0,5.0,5.0,6.0,1
221,1.0,42.0,7384.0,10.0,5.0,5.0,7.0,2
222,2.0,69.0,2745.0,7.0,4.0,4.0,5.0,1
223,2.0,60.0,14466.0,11.0,5.0,4.0,7.0,2
224,1.0,23.0,2357.0,4.0,5.0,3.0,4.0,1
225,2.0,46.0,5790.0,5.0,5.0,3.0,7.0,1
226,1.0,43.0,4986.0,8.0,4.0,4.0,6.0,1
227,2.0,32.0,1698.0,5.0,5.0,3.0,4.0,0
228,1.0,47.0,10999.0,11.0,5.0,3.0,7.0,2
229,2.0,28.0,3451.0,10.0,5.0,4.0,6.0,1
230,1.0,36.0,2585.0,11.0,5.0,3.0,5.0,1
231,1.0,30.0,1499.0,4.0,5.0,3.0,4.0,0
232,1.0,31.0,4702.0,4.0,5.0,4.0,6.0,1
233,1.0,68.0,657.0,5.0,3.0,7.0,3.0,0
234,2.0,59.0,1388.0,4.0,4.0,4.0,4.0,0
235,2.0,30.0,2521.0,10.0,5.0,5.0,5.0,1
236,2.0,76.0,3074.0,4.0,3.0,3.0,5.0,1
237,2.0,78.0,2695.0,7.0,5.0,3.0,5.0,1
238,2.0,47.0,3133.0,4.0,4.0,3.0,5.0,1
239,1.0,54.0,5070.0,4.0,4.0,4.0,6.0,1
240,2.0,71.0,6292.0,10.0,5.0,4.0,7.0,2
241,2.0,68.0,1889.0,4.0,3.0,4.0,4.0,0
242,2.0,63.0,4071.0,4.0,5.0,7.0,6.0,1
243,1.0,76.0,1909.0,4.0,3.0,4.0,4.0,0
244,2.0,29.0,4341.0,9.0,5.0,4.0,6.0,1
245,1.0,54.0,2536.0,4.0,3.0,4.0,5.0,1
246,1.0,49.0,5112.0,4.0,4.0,3.0,6.0,1
247,1.0,50.0,1644.0,4.0,1.0,5.0,4.0,0
248,1.0,75.0,3118.0,7.0,4.0,7.0,4.0,1
249,2.0,43.0,3990.0,9.0,5.0,3.0,6.0,1
250,2.0,33.0,3000.0,5.0,4.0,3.0,5.0,1
251,2.0,45.0,6742.0,10.0,5.0,5.0,7.0,2
252,2.0,46.0,4926.0,4.0,4.0,7.0,6.0,1
253,1.0,68.0,4980.0,4.0,3.0,4.0,6.0,1
254,1.0,37.0,6122.0,9.0,5.0,7.0,7.0,2
255,2.0,46.0,1520.0,12.0,5.0,4.0,4.0,0
256,2.0,49.0,4658.0,4.0,5.0,4.0,6.0,1
257,1.0,30.0,3443.0,4.0,4.0,4.0,6.0,1
258,1.0,33.0,5625.0,8.0,5.0,4.0,7.0,1
259,1.0,80.0,3706.0,4.0,3.0,7.0,5.0,1
260,1.0,62.0,1481.0,4.0,3.0,4.0,4.0,0
261,2.0,67.0,1443.0,4.0,4.0,4.0,4.0,0
262,1.0,35.0,433.0,5.0,4.0,7.0,2.0,0
263,1.0,57.0,5899.0,4.0,3.0,3.0,7.0,1
264,1.0,53.0,3320.0,3.0,5.0,4.0,6.0,1
265,2.0,32.0,8848.0,10.0,5.0,3.0,7.0,2
266,2.0,65.0,3228.0,7.0,5.0,4.0,5.0,1
267,2.0,34.0,3944.0,8.0,5.0,7.0,6.0,1
268,2.0,51.0,845.0,5.0,5.0,3.0,3.0,0
269,2.0,46.0,3502.0,4.0,5.0,5.0,6.0,1
270,1.0,20.0,4571.0,3.0,5.0,3.0,7.0,1
271,2.0,51.0,5448.0,9.0,5.0,3.0,7.0,1
272,1.0,51.0,2675.0,9.0,5.0,7.0,5.0,1
273,2.0,56.0,4866.0,4.0,4.0,5.0,7.0,1
274,2.0,59.0,2201.0,4.0,3.0,7.0,4.0,0
275,2.0,31.0,9973.0,7.0,5.0,3.0,7.0,2
276,1.0,47.0,7232.0,9.0,5.0,3.0,7.0,2
277,1.0,29.0,5321.0,8.0,4.0,3.0,7.0,1
278,2.0,73.0,4226.0,9.0,5.0,4.0,6.0,1
279,1.0,38.0,8747.0,11.0,5.0,3.0,7.0,2
280,2.0,45.0,3723.0,5.0,5.0,7.0,5.0,1
281,2.0,60.0,13649.0,11.0,5.0,4.0,7.0,2
282,2.0,34.0,4603.0,7.0,5.0,4.0,6.0,1
283,1.0,56.0,846.0,4.0,4.0,7.0,2.0,0
284,2.0,70.0,3034.0,4.0,3.0,4.0,5.0,1
285,1.0,65.0,2078.0,4.0,3.0,4.0,4.0,0
286,1.0,51.0,11831.0,8.0,5.0,7.0,7.0,2
287,2.0,60.0,2892.0,10.0,5.0,4.0,5.0,1
288,1.0,73.0,4662.0,10.0,5.0,4.0,6.0,1
289,1.0,34.0,3255.0,10.0,5.0,5.0,6.0,1
290,1.0,27.0,2441.0,10.0,5.0,5.0,5.0,1
291,2.0,51.0,1989.0,7.0,5.0,4.0,4.0,0
292,1.0,33.0,12050.0,10.0,5.0,4.0,7.0,2
293,2.0,65.0,3209.0,4.0,3.0,3.0,4.0,1
294,1.0,57.0,4655.0,4.0,3.0,5.0,6.0,1
295,1.0,73.0,2009.0,4.0,3.0,3.0,4.0,0
296,2.0,33.0,1488.0,8.0,5.0,3.0,4.0,0
297,2.0,41.0,4634.0,9.0,5.0,3.0,7.0,1
298,2.0,54.0,7694.0,4.0,4.0,7.0,7.0,2
299,2.0,52.0,5907.0,3.0,5.0,4.0,7.0,1
300,1.0,46.0,7191.0,9.0,5.0,7.0,7.0,2
301,1.0,62.0,5496.0,9.0,5.0,5.0,7.0,1
302,1.0,80.0,3688.0,4.0,3.0,7.0,5.0,1
303,1.0,25.0,2717.0,10.0,5.0,7.0,4.0,1
304,2.0,46.0,2750.0,4.0,4.0,3.0,5.0,1
305,2.0,67.0,2581.0,4.0,4.0,3.0,4.0,1
306,1.0,43.0,2123.0,4.0,4.0,3.0,4.0,0
307,1.0,75.0,2221.0,0.0,3.0,3.0,3.0,1
308,1.0,33.0,4511.0,4.0,5.0,4.0,6.0,1
309,1.0,56.0,1022.0,4.0,4.0,7.0,2.0,0
310,2.0,53.0,5481.0,10.0,5.0,4.0,7.0,1
311,1.0,70.0,1906.0,4.0,3.0,5.0,4.0,0
312,2.0,48.0,2016.0,7.0,4.0,5.0,4.0,0
313,2.0,67.0,1834.0,7.0,4.0,3.0,4.0,0
314,2.0,51.0,4817.0,4.0,4.0,4.0,6.0,1
315,2.0,70.0,3014.0,5.0,5.0,7.0,5.0,1
316,2.0,64.0,3095.0,9.0,5.0,3.0,5.0,1
317,1.0,35.0,4361.0,11.0,5.0,3.0,6.0,1
318,1.0,38.0,6267.0,9.0,5.0,3.0,7.0,2
319,1.0,56.0,3726.0,7.0,4.0,3.0,6.0,1
320,1.0,63.0,2782.0,7.0,3.0,4.0,5.0,1
321,2.0,42.0,2122.0,4.0,4.0,3.0,4.0,0
322,1.0,54.0,1849.0,4.0,3.0,3.0,3.0,0
323,2.0,63.0,3149.0,9.0,5.0,3.0,5.0,1
324,2.0,59.0,3034.0,7.0,5.0,3.0,5.0,1
325,2.0,62.0,3719.0,3.0,3.0,5.0,5.0,1
326,2.0,45.0,4020.0,5.0,5.0,7.0,6.0,1
327,1.0,30.0,3690.0,10.0,5.0,3.0,6.0,1
328,1.0,64.0,2624.0,4.0,3.0,5.0,5.0,1
329,2.0,64.0,2710.0,4.0,3.0,5.0,5.0,1
330,1.0,53.0,2731.0,4.0,3.0,3.0,4.0,1
331,2.0,44.0,6675.0,10.0,5.0,5.0,7.0,2
332,2.0,22.0,471.0,1.0,5.0,7.0,3.0,0
333,2.0,31.0,3929.0,10.0,5.0,4.0,6.0,1
334,2.0,49.0,17317.0,10.0,5.0,4.0,7.0,2
335,1.0,28.0,5555.0,10.0,5.0,3.0,7.0,1
336,2.0,59.0,2367.0,4.0,4.0,7.0,5.0,1
337,2.0,66.0,2492.0,4.0,3.0,3.0,5.0,1
338,2.0,48.0,3340.0,9.0,5.0,3.0,6.0,1
339,1.0,48.0,2544.0,4.0,4.0,3.0,5.0,1
340,2.0,59.0,3989.0,4.0,5.0,7.0,5.0,1
341,2.0,34.0,1363.0,8.0,5.0,3.0,4.0,0
342,2.0,56.0,3124.0,7.0,4.0,3.0,5.0,1
343,2.0,63.0,1305.0,4.0,3.0,5.0,3.0,0
344,1.0,54.0,5297.0,3.0,5.0,5.0,7.0,1
345,1.0,45.0,1525.0,4.0,4.0,3.0,4.0,0
346,1.0,65.0,5091.0,4.0,3.0,3.0,6.0,1
347,1.0,51.0,2641.0,0.0,3.0,7.0,5.0,1
348,2.0,62.0,4946.0,7.0,4.0,3.0,6.0,1
349,1.0,66.0,9833.0,9.0,5.0,5.0,7.0,2
350,1.0,64.0,4174.0,4.0,3.0,4.0,6.0,1
351,1.0,76.0,438.0,7.0,4.0,5.0,3.0,0
352,1.0,36.0,2874.0,9.0,5.0,5.0,5.0,1
353,1.0,19.0,4116.0,1.0,5.0,3.0,6.0,1
354,2.0,26.0,4965.0,8.0,5.0,4.0,6.0,1
355,2.0,53.0,3535.0,6.0,4.0,3.0,6.0,1
356,2.0,44.0,3075.0,4.0,4.0,7.0,5.0,1
357,2.0,75.0,1732.0,4.0,3.0,3.0,4.0,0
358,1.0,30.0,3713.0,11.0,5.0,7.0,5.0,1
359,1.0,52.0,7345.0,9.0,5.0,4.0,7.0,2
360,2.0,56.0,1696.0,3.0,3.0,7.0,4.0,0
361,1.0,47.0,9432.0,4.0,4.0,3.0,7.0,2
362,1.0,47.0,4918.0,7.0,5.0,3.0,6.0,1
363,1.0,27.0,2960.0,8.0,5.0,3.0,5.0,1
364,1.0,58.0,7726.0,4.0,4.0,3.0,7.0,2
365,2.0,45.0,2316.0,4.0,4.0,7.0,5.0,1
366,1.0,30.0,3743.0,4.0,5.0,7.0,6.0,1
367,1.0,80.0,3574.0,7.0,3.0,5.0,5.0,1
368,1.0,37.0,8140.0,11.0,5.0,3.0,7.0,2
369,1.0,53.0,4109.0,12.0,5.0,3.0,6.0,1
370,2.0,74.0,4368.0,4.0,3.0,4.0,6.0,1
371,2.0,50.0,2476.0,5.0,5.0,4.0,5.0,1
372,2.0,47.0,4351.0,5.0,5.0,3.0,6.0,1
373,1.0,62.0,4802.0,10.0,5.0,4.0,6.0,1
374,2.0,34.0,1937.0,10.0,5.0,5.0,4.0,0
375,1.0,30.0,2778.0,4.0,5.0,5.0,4.0,1
376,1.0,32.0,6615.0,10.0,5.0,3.0,7.0,2
377,1.0,50.0,6008.0,7.0,5.0,4.0,7.0,2
378,2.0,28.0,3112.0,5.0,5.0,4.0,5.0,1
379,1.0,33.0,5035.0,5.0,5.0,3.0,6.0,1
380,1.0,81.0,8935.0,7.0,3.0,3.0,7.0,2
381,1.0,35.0,3146.0,5.0,5.0,3.0,5.0,1
382,2.0,37.0,7033.0,8.0,5.0,5.0,7.0,2
383,2.0,70.0,4792.0,4.0,4.0,5.0,6.0,1
384,1.0,51.0,5998.0,5.0,4.0,5.0,7.0,2
385,1.0,33.0,9357.0,10.0,5.0,4.0,7.0,2
386,2.0,61.0,13980.0,10.0,5.0,5.0,7.0,2
387,2.0,74.0,2614.0,7.0,4.0,3.0,4.0,1
388,2.0,53.0,5044.0,4.0,4.0,5.0,6.0,1
389,1.0,36.0,3173.0,8.0,5.0,3.0,5.0,1
390,2.0,68.0,1004.0,4.0,4.0,3.0,3.0,0
391,1.0,34.0,2974.0,10.0,5.0,4.0,5.0,1
392,2.0,48.0,2621.0,5.0,5.0,3.0,5.0,1
393,1.0,36.0,6193.0,8.0,5.0,5.0,7.0,2
394,1.0,36.0,1343.0,9.0,5.0,7.0,3.0,0
395,1.0,57.0,5741.0,10.0,5.0,4.0,7.0,1
396,2.0,71.0,3501.0,4.0,3.0,5.0,5.0,1
397,1.0,32.0,3221.0,9.0,5.0,3.0,5.0,1
398,1.0,20.0,995.0,1.0,5.0,7.0,2.0,0
399,1.0,46.0,1673.0,4.0,4.0,4.0,4.0,0
400,2.0,68.0,3145.0,7.0,5.0,4.0,5.0,1
401,1.0,36.0,5196.0,8.0,5.0,7.0,7.0,1
402,2.0,18.0,2118.0,1.0,5.0,7.0,4.0,0
403,2.0,34.0,7154.0,10.0,5.0,7.0,7.0,2
404,1.0,35.0,13687.0,5.0,5.0,4.0,7.0,2
405,2.0,60.0,3486.0,7.0,5.0,5.0,5.0,1
406,1.0,47.0,2975.0,4.0,3.0,7.0,5.0,1
407,1.0,71.0,1934.0,4.0,3.0,4.0,4.0,0
408,2.0,68.0,3639.0,4.0,3.0,3.0,6.0,1
409,2.0,66.0,1512.0,6.0,4.0,3.0,3.0,0
410,2.0,19.0,1291.0,1.0,5.0,7.0,2.0,0
411,1.0,33.0,3023.0,7.0,5.0,3.0,5.0,1
412,2.0,18.0,2008.0,3.0,5.0,4.0,3.0,0
413,1.0,61.0,3067.0,7.0,3.0,5.0,5.0,1
414,2.0,34.0,2090.0,8.0,5.0,4.0,4.0,0
415,1.0,32.0,2408.0,9.0,5.0,3.0,5.0,1
416,1.0,65.0,2089.0,4.0,3.0,5.0,4.0,0
417,1.0,24.0,1211.0,8.0,5.0,3.0,2.0,0
418,1.0,21.0,2064.0,4.0,5.0,3.0,4.0,0
419,2.0,73.0,4636.0,9.0,5.0,4.0,6.0,1
420,1.0,38.0,5769.0,10.0,5.0,4.0,7.0,1
421,2.0,65.0,6158.0,10.0,5.0,4.0,7.0,2
422,1.0,27.0,3021.0,4.0,5.0,4.0,5.0,1
423,1.0,36.0,2549.0,4.0,5.0,3.0,4.0,1
424,2.0,34.0,3981.0,11.0,5.0,7.0,6.0,1
425,1.0,56.0,4780.0,4.0,4.0,4.0,6.0,1
426,2.0,32.0,5602.0,4.0,5.0,7.0,7.0,1
427,2.0,67.0,926.0,3.0,4.0,3.0,3.0,0
428,1.0,44.0,5194.0,4.0,3.0,7.0,7.0,1
429,1.0,31.0,2341.0,10.0,5.0,5.0,5.0,1
430,1.0,70.0,1376.0,7.0,3.0,3.0,4.0,0
431,2.0,47.0,3972.0,7.0,5.0,7.0,6.0,1
432,1.0,28.0,3373.0,11.0,5.0,7.0,5.0,1
433,2.0,61.0,3358.0,3.0,4.0,5.0,6.0,1
434,1.0,64.0,4545.0,7.0,4.0,4.0,6.0,1
435,2.0,50.0,3222.0,6.0,4.0,3.0,5.0,1
436,2.0,32.0,4076.0,4.0,5.0,3.0,6.0,1
437,2.0,63.0,2597.0,7.0,4.0,7.0,5.0,1
438,2.0,76.0,4954.0,10.0,5.0,7.0,6.0,1
439,2.0,36.0,3323.0,1.0,5.0,7.0,5.0,1
440,2.0,64.0,2671.0,9.0,5.0,7.0,5.0,1
441,2.0,24.0,7548.0,1.0,5.0,3.0,7.0,2
442,1.0,61.0,10752.0,4.0,3.0,7.0,7.0,2
443,2.0,70.0,468.0,4.0,4.0,4.0,3.0,0
444,2.0,33.0,1750.0,5.0,5.0,3.0,4.0,0
445,1.0,19.0,3167.0,3.0,1.0,5.0,5.0,1
446,1.0,40.0,5149.0,7.0,4.0,4.0,7.0,1
447,1.0,45.0,10388.0,10.0,5.0,3.0,7.0,2
448,1.0,29.0,5499.0,8.0,5.0,5.0,7.0,1
449,1.0,33.0,5650.0,7.0,4.0,3.0,7.0,1
450,2.0,69.0,2964.0,5.0,4.0,3.0,5.0,1
451,1.0,52.0,11147.0,4.0,4.0,7.0,7.0,2
452,2.0,55.0,4082.0,8.0,5.0,4.0,5.0,1
453,1.0,21.0,2261.0,1.0,5.0,5.0,4.0,1
454,1.0,62.0,6990.0,4.0,4.0,5.0,7.0,2
455,2.0,45.0,1414.0,4.0,4.0,4.0,4.0,0
456,1.0,62.0,4970.0,10.0,5.0,3.0,6.0,1
457,1.0,54.0,1248.0,4.0,6.0,3.0,3.0,0
458,2.0,33.0,3379.0,8.0,5.0,7.0,6.0,1
459,2.0,44.0,7889.0,10.0,5.0,4.0,7.0,2
460,2.0,46.0,2422.0,9.0,5.0,3.0,5.0,1
461,1.0,51.0,3438.0,4.0,4.0,3.0,5.0,1
462,2.0,64.0,3201.0,10.0,5.0,3.0,5.0,1
463,2.0,70.0,4024.0,4.0,3.0,3.0,6.0,1
464,1.0,30.0,2845.0,4.0,5.0,5.0,4.0,1
465,2.0,75.0,1633.0,4.0,3.0,4.0,4.0,0
466,2.0,21.0,2540.0,2.0,5.0,5.0,5.0,1
467,1.0,52.0,2682.0,4.0,3.0,3.0,5.0,1
468,1.0,29.0,5132.0,8.0,4.0,3.0,7.0,1
469,1.0,40.0,1961.0,5.0,4.0,4.0,4.0,0
470,2.0,56.0,4231.0,8.0,5.0,7.0,6.0,1
471,1.0,48.0,5851.0,10.0,5.0,3.0,7.0,1
472,2.0,58.0,3309.0,4.0,3.0,3.0,6.0,1
473,2.0,31.0,5133.0,8.0,5.0,3.0,7.0,1
474,2.0,53.0,11032.0,10.0,5.0,3.0,7.0,2
475,2.0,46.0,4910.0,10.0,5.0,3.0,6.0,1
476,1.0,27.0,4966.0,8.0,5.0,4.0,6.0,1
477,1.0,36.0,5600.0,8.0,5.0,4.0,7.0,1
478,1.0,45.0,10707.0,9.0,5.0,4.0,7.0,2
479,2.0,22.0,2410.0,1.0,5.0,5.0,5.0,1
480,2.0,63.0,734.0,5.0,4.0,3.0,3.0,0
481,2.0,69.0,2999.0,5.0,4.0,3.0,5.0,1
482,1.0,26.0,2607.0,10.0,5.0,7.0,4.0,1
483,1.0,32.0,2439.0,9.0,5.0,3.0,5.0,1
484,2.0,62.0,1906.0,4.0,5.0,4.0,4.0,0
485,1.0,49.0,4242.0,4.0,5.0,3.0,6.0,1
486,1.0,63.0,3593.0,4.0,4.0,3.0,5.0,1
487,1.0,31.0,6302.0,7.0,5.0,3.0,7.0,2
488,2.0,46.0,9196.0,11.0,5.0,5.0,7.0,2
489,2.0,61.0,3699.0,4.0,3.0,5.0,6.0,1
490,1.0,62.0,2806.0,7.0,3.0,4.0,5.0,1
491,1.0,48.0,4262.0,4.0,4.0,7.0,6.0,1
492,2.0,36.0,6360.0,8.0,5.0,5.0,7.0,2
493,2.0,37.0,2663.0,7.0,5.0,3.0,5.0,1
494,2.0,68.0,4562.0,10.0,5.0,7.0,6.0,1
495,1.0,34.0,2754.0,8.0,5.0,4.0,5.0,1
496,1.0,74.0,2703.0,4.0,3.0,4.0,5.0,1
497,2.0,59.0,2372.0,10.0,5.0,4.0,5.0,1
498,1.0,72.0,2509.0,4.0,3.0,4.0,5.0,1
499,1.0,66.0,3849.0,5.0,3.0,5.0,6.0,1
500,2.0,40.0,3082.0,9.0,5.0,7.0,5.0,1
501,1.0,29.0,3724.0,11.0,5.0,7.0,5.0,1
502,2.0,50.0,3382.0,10.0,5.0,3.0,6.0,1
503,2.0,49.0,3309.0,4.0,4.0,4.0,6.0,1
504,2.0,71.0,2449.0,7.0,6.0,5.0,5.0,1
505,2.0,56.0,5484.0,10.0,5.0,4.0,7.0,1
506,2.0,49.0,5655.0,4.0,4.0,3.0,7.0,1
507,1.0,72.0,1987.0,4.0,4.0,3.0,3.0,0
508,2.0,75.0,2796.0,4.0,3.0,3.0,5.0,1
509,2.0,26.0,3774.0,10.0,5.0,5.0,5.0,1
510,1.0,56.0,1693.0,4.0,3.0,4.0,4.0,0
511,2.0,50.0,2928.0,3.0,3.0,3.0,5.0,1
512,1.0,34.0,4866.0,4.0,5.0,3.0,6.0,1
513,1.0,63.0,4561.0,7.0,4.0,4.0,6.0,1
514,1.0,50.0,4009.0,4.0,4.0,4.0,6.0,1
515,1.0,58.0,3942.0,4.0,5.0,3.0,6.0,1
516,1.0,46.0,2213.0,7.0,5.0,3.0,4.0,0
517,2.0,60.0,3682.0,7.0,5.0,5.0,5.0,1
518,1.0,40.0,3567.0,4.0,4.0,5.0,6.0,1
519,1.0,47.0,5854.0,10.0,5.0,4.0,7.0,1
520,1.0,30.0,3278.0,4.0,5.0,4.0,6.0,1
521,2.0,72.0,2663.0,4.0,3.0,4.0,5.0,1
522,2.0,24.0,2281.0,1.0,5.0,3.0,3.0,1
523,2.0,29.0,3565.0,10.0,5.0,3.0,6.0,1
524,2.0,73.0,904.0,7.0,4.0,7.0,1.0,0
525,2.0,44.0,2537.0,4.0,5.0,3.0,5.0,1
526,2.0,78.0,3315.0,4.0,4.0,4.0,6.0,1
527,1.0,53.0,6168.0,7.0,5.0,3.0,7.0,2
528,2.0,77.0,1771.0,0.0,3.0,4.0,4.0,0
529,2.0,44.0,2885.0,4.0,5.0,3.0,5.0,1
530,2.0,68.0,935.0,4.0,4.0,3.0,3.0,0
531,1.0,78.0,2790.0,4.0,3.0,5.0,5.0,1
532,2.0,26.0,3348.0,10.0,5.0,3.0,6.0,1
533,1.0,75.0,2340.0,4.0,3.0,3.0,5.0,1
534,1.0,71.0,1700.0,4.0,3.0,5.0,4.0,0
535,1.0,71.0,2248.0,4.0,3.0,3.0,4.0,1
536,1.0,58.0,3412.0,4.0,5.0,3.0,6.0,1
537,2.0,76.0,3496.0,4.0,3.0,4.0,6.0,1
538,2.0,22.0,4637.0,6.0,5.0,7.0,6.0,1
539,1.0,46.0,9744.0,9.0,5.0,3.0,7.0,2
540,2.0,19.0,1312.0,1.0,5.0,5.0,1.0,0
541,2.0,73.0,4184.0,4.0,3.0,3.0,6.0,1
542,2.0,28.0,3852.0,10.0,5.0,3.0,6.0,1
543,2.0,59.0,4405.0,7.0,4.0,3.0,6.0,1
544,1.0,34.0,6679.0,7.0,5.0,3.0,7.0,2
545,2.0,53.0,2061.0,4.0,3.0,3.0,3.0,0
546,1.0,56.0,4077.0,7.0,3.0,3.0,6.0,1
547,2.0,60.0,14228.0,10.0,5.0,5.0,7.0,2
548,2.0,35.0,4039.0,10.0,5.0,4.0,6.0,1
549,1.0,36.0,3040.0,10.0,5.0,3.0,5.0,1
550,1.0,22.0,6215.0,1.0,5.0,3.0,7.0,2
551,2.0,60.0,1403.0,3.0,4.0,3.0,4.0,0
552,2.0,70.0,2997.0,5.0,3.0,3.0,5.0,1
553,2.0,34.0,3737.0,5.0,5.0,3.0,6.0,1
554,1.0,67.0,4181.0,7.0,3.0,5.0,6.0,1
555,2.0,70.0,1517.0,4.0,3.0,5.0,4.0,0
556,2.0,59.0,1725.0,4.0,3.0,7.0,4.0,0
557,1.0,47.0,2573.0,4.0,4.0,3.0,5.0,1
558,1.0,48.0,5009.0,4.0,4.0,4.0,6.0,1
559,1.0,35.0,4638.0,4.0,4.0,7.0,7.0,1
560,2.0,71.0,4102.0,3.0,3.0,5.0,6.0,1
561,2.0,57.0,2027.0,7.0,3.0,7.0,4.0,0
562,2.0,53.0,7003.0,10.0,5.0,7.0,7.0,2
563,2.0,72.0,7568.0,10.0,5.0,3.0,7.0,2
564,2.0,35.0,5101.0,10.0,5.0,4.0,6.0,1
565,1.0,65.0,5286.0,5.0,3.0,3.0,7.0,1
566,2.0,36.0,4598.0,4.0,5.0,3.0,6.0,1
567,1.0,22.0,8488.0,7.0,4.0,3.0,7.0,2
568,1.0,36.0,6983.0,7.0,5.0,3.0,7.0,2
569,2.0,58.0,4717.0,4.0,4.0,5.0,7.0,1
570,1.0,36.0,8758.0,8.0,5.0,5.0,7.0,2
571,1.0,32.0,1013.0,8.0,5.0,5.0,3.0,0
572,2.0,60.0,1844.0,5.0,4.0,3.0,4.0,0
573,1.0,80.0,2671.0,4.0,3.0,7.0,5.0,1
574,2.0,54.0,7350.0,9.0,5.0,4.0,7.0,2
575,1.0,25.0,3520.0,8.0,5.0,7.0,5.0,1
576,2.0,35.0,1561.0,4.0,5.0,5.0,4.0,0
577,1.0,46.0,6028.0,5.0,5.0,7.0,7.0,2
578,2.0,25.0,3747.0,8.0,5.0,7.0,5.0,1
579,1.0,38.0,6878.0,9.0,5.0,3.0,7.0,2
580,2.0,70.0,3135.0,7.0,4.0,4.0,4.0,1
581,1.0,57.0,5069.0,7.0,4.0,7.0,6.0,1
582,1.0,50.0,3467.0,12.0,3.0,3.0,5.0,1
583,1.0,75.0,1680.0,7.0,3.0,5.0,4.0,0
584,1.0,49.0,4778.0,4.0,4.0,7.0,6.0,1
585,2.0,70.0,2605.0,5.0,3.0,5.0,5.0,1
586,2.0,62.0,1498.0,4.0,4.0,4.0,3.0,0
587,2.0,76.0,1136.0,4.0,1.0,7.0,3.0,0
588,2.0,61.0,940.0,12.0,3.0,4.0,3.0,0
589,2.0,61.0,5628.0,8.0,5.0,7.0,7.0,1
590,1.0,64.0,4851.0,7.0,4.0,5.0,6.0,1
591,1.0,28.0,10873.0,10.0,5.0,7.0,7.0,2
592,2.0,39.0,4110.0,5.0,4.0,3.0,6.0,1
593,1.0,54.0,3694.0,4.0,3.0,3.0,6.0,1
594,2.0,74.0,2953.0,4.0,3.0,4.0,5.0,1
595,2.0,49.0,5688.0,9.0,5.0,3.0,7.0,1
596,2.0,25.0,3812.0,8.0,5.0,7.0,5.0,1
597,2.0,61.0,2970.0,10.0,5.0,4.0,5.0,1
598,1.0,41.0,2386.0,9.0,5.0,4.0,5.0,1
599,1.0,34.0,12172.0,10.0,5.0,3.0,7.0,2
600,1.0,37.0,1560.0,4.0,4.0,7.0,4.0,0
601,2.0,33.0,2669.0,10.0,5.0,4.0,5.0,1
602,2.0,31.0,3724.0,5.0,4.0,5.0,6.0,1
603,1.0,79.0,755.0,4.0,3.0,4.0,3.0,0
604,2.0,64.0,3625.0,4.0,5.0,7.0,6.0,1
605,2.0,58.0,2990.0,4.0,3.0,7.0,5.0,1
606,2.0,51.0,3283.0,8.0,3.0,3.0,5.0,1
607,2.0,31.0,2262.0,8.0,5.0,3.0,4.0,1
608,2.0,69.0,3811.0,3.0,3.0,5.0,6.0,1
609,1.0,63.0,2456.0,6.0,4.0,3.0,5.0,1
610,1.0,68.0,2826.0,4.0,3.0,3.0,5.0,1
611,1.0,33.0,2379.0,4.0,5.0,4.0,5.0,1
612,2.0,36.0,6535.0,8.0,5.0,5.0,7.0,2
613,2.0,65.0,2950.0,3.0,5.0,3.0,4.0,1
614,2.0,36.0,1757.0,1.0,5.0,5.0,4.0,0
615,2.0,60.0,2598.0,4.0,4.0,4.0,5.0,1
616,2.0,35.0,3876.0,10.0,5.0,4.0,6.0,1
617,1.0,54.0,4122.0,5.0,4.0,4.0,6.0,1
618,2.0,41.0,4064.0,4.0,4.0,4.0,5.0,1
619,2.0,43.0,5486.0,8.0,5.0,7.0,7.0,1
620,2.0,34.0,4055.0,1.0,5.0,7.0,5.0,1
621,2.0,73.0,4291.0,4.0,3.0,4.0,6.0,1
622,1.0,66.0,3298.0,10.0,5.0,7.0,6.0,1
623,1.0,54.0,9809.0,4.0,4.0,3.0,7.0,2
624,1.0,58.0,8661.0,9.0,5.0,5.0,7.0,2
625,2.0,33.0,6642.0,5.0,5.0,3.0,7.0,2
626,2.0,20.0,3768.0,3.0,5.0,7.0,6.0,1
627,2.0,67.0,3533.0,4.0,3.0,3.0,6.0,1
628,2.0,55.0,4088.0,8.0,5.0,4.0,5.0,1
629,1.0,22.0,3104.0,4.0,5.0,3.0,4.0,1
630,1.0,36.0,875.0,4.0,5.0,3.0,3.0,0
631,1.0,71.0,1569.0,4.0,4.0,7.0,4.0,0
632,1.0,54.0,2938.0,4.0,4.0,3.0,5.0,1
633,2.0,51.0,3926.0,7.0,5.0,3.0,6.0,1
634,1.0,74.0,7940.0,4.0,3.0,5.0,7.0,2
635,1.0,53.0,9627.0,7.0,4.0,4.0,7.0,2
636,1.0,71.0,1448.0,10.0,5.0,7.0,4.0,0
637,2.0,57.0,2293.0,7.0,3.0,7.0,4.0,1
638,2.0,39.0,4986.0,9.0,5.0,5.0,6.0,1
639,1.0,59.0,4731.0,7.0,3.0,4.0,6.0,1
640,1.0,45.0,10136.0,11.0,5.0,4.0,7.0,2
641,1.0,44.0,9573.0,9.0,5.0,3.0,7.0,2
642,1.0,38.0,5684.0,8.0,5.0,4.0,7.0,1
643,1.0,35.0,2393.0,10.0,5.0,4.0,5.0,1
644,2.0,60.0,2832.0,10.0,5.0,4.0,5.0,1
645,1.0,23.0,1381.0,1.0,5.0,3.0,4.0,0
646,2.0,44.0,3984.0,4.0,5.0,5.0,6.0,1
647,2.0,48.0,4957.0,7.0,5.0,3.0,6.0,1
648,1.0,53.0,9571.0,7.0,4.0,4.0,7.0,2
649,1.0,79.0,1448.0,4.0,3.0,4.0,4.0,0
650,2.0,27.0,4736.0,8.0,5.0,4.0,6.0,1
651,1.0,56.0,4551.0,7.0,4.0,3.0,6.0,1
652,1.0,29.0,1483.0,4.0,5.0,3.0,4.0,0
653,1.0,37.0,3141.0,9.0,5.0,3.0,4.0,1
654,2.0,60.0,6009.0,7.0,5.0,3.0,7.0,2
655,2.0,62.0,1289.0,10.0,5.0,5.0,3.0,0
656,1.0,27.0,3742.0,8.0,5.0,3.0,5.0,1
657,1.0,70.0,3115.0,4.0,4.0,7.0,4.0,1
658,2.0,37.0,2489.0,10.0,5.0,3.0,5.0,1
659,1.0,49.0,5401.0,10.0,5.0,3.0,7.0,1
660,1.0,61.0,3157.0,4.0,4.0,5.0,5.0,1
661,2.0,42.0,7559.0,10.0,5.0,5.0,7.0,2
662,1.0,74.0,1575.0,4.0,3.0,4.0,4.0,0
663,1.0,31.0,2425.0,8.0,5.0,5.0,5.0,1
664,2.0,72.0,2517.0,5.0,3.0,4.0,5.0,1
665,1.0,48.0,2769.0,3.0,3.0,3.0,5.0,1
666,1.0,53.0,3528.0,11.0,5.0,5.0,6.0,1
667,1.0,52.0,3933.0,4.0,4.0,3.0,5.0,1
668,2.0,45.0,4438.0,4.0,5.0,7.0,6.0,1
669,2.0,20.0,4257.0,1.0,5.0,7.0,6.0,1
670,1.0,60.0,3147.0,4.0,3.0,4.0,5.0,1
671,2.0,55.0,3867.0,10.0,5.0,3.0,5.0,1
672,2.0,50.0,5099.0,4.0,4.0,4.0,6.0,1
673,1.0,31.0,593.0,4.0,3.0,7.0,3.0,0
674,2.0,35.0,5942.0,10.0,5.0,3.0,7.0,2
675,2.0,63.0,3259.0,4.0,5.0,7.0,6.0,1
676,1.0,56.0,3748.0,7.0,3.0,3.0,6.0,1
677,1.0,29.0,4634.0,7.0,5.0,3.0,6.0,1
678,1.0,37.0,2421.0,4.0,4.0,3.0,4.0,1
679,2.0,73.0,4009.0,4.0,5.0,4.0,5.0,1
680,2.0,32.0,2557.0,10.0,5.0,4.0,5.0,1
681,2.0,64.0,3147.0,5.0,3.0,4.0,5.0,1
682,1.0,20.0,1080.0,1.0,5.0,7.0,3.0,0
683,1.0,56.0,4984.0,4.0,3.0,5.0,6.0,1
684,2.0,71.0,2177.0,10.0,5.0,4.0,4.0,0
685,1.0,54.0,4927.0,8.0,5.0,7.0,6.0,1
686,1.0,49.0,3935.0,4.0,4.0,3.0,6.0,1
687,1.0,51.0,4187.0,4.0,4.0,7.0,6.0,1
688,2.0,55.0,7139.0,9.0,5.0,4.0,7.0,2
689,2.0,76.0,1557.0,4.0,3.0,3.0,4.0,0
690,2.0,47.0,5666.0,4.0,5.0,4.0,7.0,1
691,1.0,25.0,1365.0,10.0,5.0,3.0,3.0,0
692,2.0,49.0,3362.0,10.0,5.0,3.0,6.0,1
693,1.0,39.0,2758.0,4.0,4.0,5.0,5.0,1
694,1.0,69.0,3281.0,4.0,5.0,4.0,6.0,1
695,2.0,76.0,3542.0,10.0,6.0,4.0,5.0,1
696,1.0,69.0,1569.0,7.0,3.0,7.0,4.0,0
697,1.0,62.0,1526.0,4.0,3.0,4.0,3.0,0
698,1.0,34.0,3540.0,7.0,5.0,5.0,6.0,1
699,1.0,31.0,6892.0,10.0,5.0,3.0,7.0,2
700,1.0,77.0,2520.0,11.0,5.0,4.0,5.0,1
701,1.0,47.0,1973.0,4.0,5.0,5.0,4.0,0
702,2.0,36.0,2052.0,8.0,5.0,4.0,4.0,0
703,2.0,51.0,1997.0,7.0,5.0,4.0,4.0,0
704,1.0,33.0,1540.0,4.0,5.0,7.0,4.0,0
705,2.0,67.0,1691.0,4.0,3.0,5.0,4.0,0
706,1.0,50.0,2558.0,0.0,3.0,7.0,5.0,1
707,2.0,65.0,1869.0,0.0,3.0,3.0,3.0,0
708,2.0,35.0,1333.0,10.0,5.0,5.0,3.0,0
709,2.0,35.0,5328.0,4.0,5.0,4.0,7.0,1
710,2.0,70.0,1882.0,4.0,3.0,4.0,4.0,0
711,1.0,73.0,4245.0,4.0,3.0,3.0,6.0,1
712,1.0,34.0,5476.0,10.0,5.0,3.0,7.0,1
713,2.0,62.0,3200.0,10.0,5.0,4.0,5.0,1
714,2.0,65.0,2216.0,4.0,3.0,4.0,4.0,0
715,2.0,34.0,1452.0,7.0,4.0,3.0,4.0,0
716,2.0,45.0,4044.0,4.0,5.0,3.0,5.0,1
717,1.0,29.0,3916.0,7.0,5.0,4.0,6.0,1
718,1.0,36.0,3166.0,4.0,4.0,3.0,5.0,1
719,1.0,31.0,6497.0,9.0,5.0,5.0,7.0,2
720,2.0,57.0,3640.0,5.0,5.0,3.0,6.0,1
721,1.0,56.0,14428.0,7.0,4.0,3.0,7.0,2
722,2.0,59.0,926.0,4.0,4.0,3.0,3.0,0
723,1.0,31.0,7720.0,10.0,5.0,5.0,7.0,2
724,1.0,70.0,2470.0,4.0,4.0,7.0,5.0,1
725,1.0,31.0,5188.0,8.0,5.0,4.0,7.0,1
726,2.0,71.0,4597.0,5.0,4.0,5.0,6.0,1
727,1.0,42.0,13893.0,9.0,5.0,3.0,7.0,2
728,1.0,62.0,4664.0,4.0,4.0,7.0,6.0,1
729,2.0,70.0,2626.0,7.0,6.0,5.0,5.0,1
730,1.0,56.0,4994.0,8.0,5.0,7.0,6.0,1
731,2.0,35.0,2994.0,10.0,5.0,3.0,5.0,1
732,2.0,73.0,2664.0,4.0,4.0,4.0,5.0,1
733,1.0,25.0,2421.0,4.0,5.0,4.0,5.0,1
734,1.0,37.0,4850.0,3.0,5.0,3.0,6.0,1
735,2.0,21.0,4692.0,1.0,5.0,7.0,6.0,1
736,2.0,44.0,3386.0,7.0,5.0,3.0,5.0,1
737,2.0,32.0,4216.0,5.0,5.0,7.0,6.0,1
738,2.0,22.0,1942.0,9.0,5.0,3.0,4.0,0
739,1.0,62.0,1848.0,4.0,3.0,5.0,4.0,0
740,1.0,59.0,963.0,7.0,3.0,3.0,3.0,0
741,1.0,70.0,6455.0,7.0,3.0,4.0,7.0,2
742,1.0,19.0,863.0,1.0,5.0,5.0,1.0,0
743,2.0,67.0,2671.0,4.0,4.0,7.0,4.0,1
744,1.0,56.0,3325.0,4.0,5.0,5.0,6.0,1
745,2.0,56.0,1866.0,9.0,5.0,4.0,4.0,0
746,2.0,55.0,8058.0,9.0,5.0,4.0,7.0,2
747,1.0,46.0,4816.0,4.0,4.0,3.0,6.0,1
748,2.0,41.0,7708.0,10.0,5.0,7.0,7.0,2
749,1.0,36.0,4341.0,4.0,4.0,4.0,6.0,1
750,1.0,66.0,2492.0,4.0,3.0,3.0,5.0,1
751,1.0,54.0,4409.0,4.0,4.0,5.0,6.0,1
752,1.0,39.0,13208.0,11.0,5.0,7.0,7.0,2
753,1.0,50.0,3625.0,4.0,3.0,3.0,6.0,1
754,1.0,56.0,3137.0,4.0,4.0,5.0,5.0,1
755,2.0,34.0,11280.0,8.0,5.0,5.0,7.0,2
756,2.0,70.0,2797.0,7.0,4.0,4.0,5.0,1
757,1.0,68.0,627.0,9.0,4.0,5.0,1.0,0
758,1.0,62.0,3328.0,4.0,3.0,7.0,5.0,1
759,1.0,55.0,3172.0,4.0,4.0,3.0,5.0,1
760,1.0,56.0,5217.0,4.0,4.0,4.0,7.0,1
761,2.0,32.0,3365.0,10.0,5.0,3.0,5.0,1
762,2.0,25.0,2486.0,9.0,5.0,4.0,5.0,1
763,1.0,34.0,2845.0,9.0,5.0,3.0,5.0,1
764,2.0,56.0,5724.0,7.0,5.0,3.0,7.0,1
765,2.0,27.0,9290.0,9.0,5.0,7.0,7.0,2
766,2.0,22.0,11136.0,8.0,5.0,4.0,7.0,2
767,2.0,81.0,2905.0,7.0,5.0,3.0,5.0,1
768,1.0,57.0,6310.0,10.0,5.0,7.0,7.0,2
769,2.0,53.0,8697.0,9.0,5.0,4.0,7.0,2
770,2.0,54.0,4785.0,7.0,5.0,7.0,6.0,1
771,2.0,33.0,1929.0,5.0,5.0,3.0,4.0,0
772,1.0,40.0,2330.0,9.0,5.0,3.0,4.0,1
773,1.0,50.0,1687.0,12.0,3.0,5.0,4.0,0
774,1.0,34.0,5846.0,8.0,5.0,7.0,7.0,1
775,2.0,45.0,2496.0,4.0,4.0,7.0,5.0,1
776,1.0,50.0,3849.0,4.0,4.0,3.0,5.0,1
777,1.0,36.0,4159.0,4.0,5.0,4.0,6.0,1
778,2.0,43.0,5537.0,9.0,5.0,3.0,7.0,1
779,1.0,57.0,5610.0,4.0,4.0,3.0,7.0,1
780,2.0,60.0,1562.0,3.0,4.0,3.0,4.0,0
781,2.0,32.0,2309.0,4.0,5.0,7.0,5.0,1
782,2.0,47.0,7226.0,4.0,5.0,3.0,7.0,2
783,1.0,20.0,5567.0,8.0,5.0,3.0,7.0,1
784,2.0,63.0,1930.0,4.0,3.0,3.0,4.0,0
785,2.0,60.0,2148.0,4.0,3.0,5.0,4.0,0
786,2.0,70.0,2575.0,10.0,5.0,4.0,5.0,1
787,2.0,73.0,731.0,4.0,0.0,4.0,3.0,0
788,1.0,26.0,2980.0,10.0,5.0,5.0,5.0,1
789,2.0,60.0,2927.0,4.0,3.0,3.0,4.0,1
790,1.0,47.0,4855.0,9.0,5.0,5.0,6.0,1
791,2.0,25.0,4068.0,8.0,5.0,7.0,5.0,1
792,2.0,68.0,4266.0,9.0,5.0,4.0,6.0,1
793,1.0,78.0,1479.0,4.0,3.0,4.0,4.0,0
794,1.0,36.0,5590.0,8.0,5.0,7.0,7.0,1
795,2.0,35.0,5699.0,10.0,5.0,5.0,7.0,1
796,2.0,50.0,3858.0,5.0,3.0,3.0,5.0,1
797,1.0,23.0,1579.0,1.0,5.0,3.0,4.0,0
798,1.0,26.0,2430.0,4.0,5.0,4.0,5.0,1
799,2.0,42.0,3169.0,4.0,4.0,7.0,5.0,1
800,1.0,67.0,648.0,4.0,3.0,3.0,3.0,0
801,2.0,62.0,4200.0,4.0,5.0,3.0,6.0,1
802,1.0,25.0,2569.0,8.0,5.0,5.0,5.0,1
803,1.0,29.0,3729.0,11.0,5.0,7.0,5.0,1
804,2.0,40.0,7599.0,10.0,5.0,7.0,7.0,2
805,2.0,36.0,3938.0,10.0,5.0,5.0,6.0,1
806,2.0,22.0,7141.0,1.0,5.0,3.0,7.0,2
807,1.0,64.0,3720.0,4.0,3.0,7.0,5.0,1
808,1.0,49.0,5424.0,8.0,5.0,4.0,7.0,1
809,1.0,48.0,9566.0,4.0,4.0,3.0,7.0,2
810,2.0,79.0,2641.0,3.0,3.0,5.0,5.0,1
811,1.0,55.0,4005.0,10.0,5.0,4.0,6.0,1
812,2.0,63.0,2483.0,10.0,5.0,4.0,5.0,1
813,2.0,61.0,6059.0,8.0,5.0,4.0,7.0,2
814,1.0,67.0,1853.0,7.0,3.0,4.0,4.0,0
815,2.0,72.0,1761.0,3.0,3.0,3.0,4.0,0
816,2.0,36.0,2045.0,4.0,4.0,5.0,4.0,0
817,2.0,57.0,2659.0,11.0,5.0,7.0,5.0,1
818,2.0,34.0,3276.0,10.0,5.0,5.0,6.0,1
819,1.0,62.0,4598.0,7.0,3.0,4.0,6.0,1
820,2.0,51.0,4454.0,10.0,5.0,7.0,6.0,1
821,2.0,73.0,1044.0,7.0,4.0,7.0,1.0,0
822,2.0,67.0,3738.0,4.0,1.0,7.0,5.0,1
823,2.0,59.0,1202.0,3.0,2.0,7.0,3.0,0
824,2.0,34.0,1822.0,10.0,5.0,5.0,4.0,0
825,2.0,22.0,5269.0,8.0,5.0,5.0,7.0,1
826,1.0,71.0,1502.0,5.0,3.0,4.0,4.0,0
827,1.0,35.0,7542.0,9.0,5.0,4.0,7.0,2
828,1.0,65.0,6313.0,4.0,3.0,5.0,7.0,2
829,2.0,61.0,1561.0,5.0,4.0,3.0,4.0,0
830,2.0,27.0,5069.0,8.0,5.0,4.0,6.0,1
831,1.0,80.0,1493.0,7.0,5.0,3.0,4.0,0
832,2.0,48.0,4104.0,4.0,5.0,4.0,6.0,1
833,2.0,49.0,4687.0,4.0,5.0,4.0,6.0,1
834,1.0,50.0,6944.0,4.0,5.0,5.0,7.0,2
835,2.0,71.0,3091.0,7.0,6.0,5.0,5.0,1
836,2.0,58.0,5404.0,11.0,5.0,5.0,7.0,1
837,2.0,68.0,1804.0,6.0,4.0,3.0,3.0,0
838,2.0,63.0,2383.0,10.0,5.0,3.0,5.0,1
839,1.0,36.0,3588.0,11.0,5.0,3.0,6.0,1
840,2.0,33.0,3174.0,4.0,5.0,5.0,5.0,1
841,1.0,65.0,1457.0,4.0,4.0,7.0,4.0,0
842,2.0,75.0,1593.0,4.0,3.0,4.0,4.0,0
843,2.0,40.0,6104.0,11.0,5.0,3.0,7.0,2
844,1.0,35.0,3112.0,8.0,5.0,3.0,5.0,1
845,2.0,47.0,5766.0,9.0,5.0,3.0,7.0,1
846,1.0,51.0,4737.0,4.0,5.0,4.0,6.0,1
847,2.0,68.0,2740.0,5.0,5.0,7.0,5.0,1
848,2.0,47.0,2547.0,7.0,5.0,3.0,5.0,1
849,2.0,48.0,3794.0,6.0,5.0,3.0,6.0,1
850,1.0,36.0,6724.0,9.0,5.0,7.0,7.0,2
851,2.0,48.0,4929.0,10.0,5.0,4.0,6.0,1
852,1.0,21.0,575.0,1.0,5.0,5.0,1.0,0
853,2.0,35.0,3831.0,8.0,5.0,4.0,6.0,1
854,2.0,54.0,8582.0,9.0,5.0,4.0,7.0,2
855,1.0,21.0,4729.0,1.0,5.0,3.0,6.0,1
856,1.0,19.0,2047.0,1.0,5.0,5.0,4.0,0
857,1.0,80.0,3730.0,4.0,3.0,7.0,5.0,1
858,1.0,30.0,2260.0,4.0,3.0,3.0,4.0,1
859,1.0,55.0,2914.0,8.0,5.0,5.0,5.0,1
860,1.0,33.0,12296.0,10.0,5.0,3.0,7.0,2
861,2.0,32.0,7956.0,10.0,5.0,3.0,7.0,2
862,1.0,50.0,2437.0,4.0,1.0,7.0,5.0,1
863,1.0,24.0,2868.0,8.0,5.0,3.0,5.0,1
864,1.0,61.0,4904.0,7.0,3.0,3.0,6.0,1
865,1.0,46.0,6199.0,10.0,5.0,3.0,7.0,2
866,2.0,73.0,2901.0,7.0,4.0,3.0,4.0,1
867,2.0,67.0,2448.0,3.0,3.0,5.0,5.0,1
868,1.0,52.0,7721.0,9.0,5.0,4.0,7.0,2
869,1.0,33.0,4015.0,4.0,5.0,7.0,6.0,1
870,1.0,38.0,8528.0,8.0,5.0,3.0,7.0,2
871,2.0,67.0,1426.0,3.0,3.0,4.0,4.0,0
872,2.0,60.0,3505.0,3.0,4.0,5.0,6.0,1
873,1.0,60.0,2556.0,4.0,3.0,4.0,5.0,1
874,2.0,35.0,3683.0,5.0,4.0,5.0,5.0,1
875,2.0,36.0,3976.0,5.0,5.0,5.0,5.0,1
876,2.0,63.0,2846.0,5.0,5.0,5.0,5.0,1
877,2.0,37.0,3235.0,10.0,5.0,3.0,5.0,1
878,1.0,45.0,6729.0,10.0,5.0,3.0,7.0,2
879,2.0,34.0,4316.0,8.0,5.0,3.0,6.0,1
880,2.0,40.0,4163.0,5.0,5.0,4.0,6.0,1
881,1.0,79.0,3298.0,7.0,3.0,5.0,5.0,1
882,1.0,36.0,3556.0,4.0,4.0,3.0,6.0,1
883,2.0,56.0,6663.0,5.0,5.0,4.0,7.0,2
884,1.0,47.0,5490.0,4.0,4.0,4.0,7.0,1
885,2.0,53.0,2323.0,6.0,4.0,4.0,5.0,1
886,1.0,22.0,8223.0,7.0,4.0,3.0,7.0,2
887,1.0,68.0,3470.0,4.0,4.0,3.0,6.0,1
888,2.0,53.0,3032.0,4.0,4.0,3.0,4.0,1
889,2.0,51.0,9441.0,7.0,5.0,5.0,7.0,2
890,1.0,32.0,2438.0,9.0,5.0,3.0,5.0,1
891,1.0,25.0,5003.0,10.0,5.0,3.0,6.0,1
892,1.0,51.0,2503.0,10.0,5.0,4.0,5.0,1
893,1.0,53.0,4484.0,4.0,4.0,3.0,6.0,1
894,2.0,46.0,4065.0,4.0,4.0,3.0,6.0,1
895,2.0,73.0,4902.0,4.0,4.0,3.0,6.0,1
896,2.0,63.0,5519.0,10.0,5.0,7.0,7.0,1
897,2.0,28.0,3731.0,8.0,5.0,7.0,6.0,1
898,1.0,64.0,3223.0,4.0,2.0,3.0,5.0,1
899,2.0,74.0,3911.0,4.0,3.0,4.0,5.0,1
900,1.0,45.0,9557.0,10.0,5.0,3.0,7.0,2
901,1.0,76.0,2919.0,7.0,3.0,4.0,5.0,1
902,1.0,53.0,2291.0,4.0,5.0,5.0,4.0,1
903,1.0,81.0,1291.0,4.0,3.0,4.0,3.0,0
904,2.0,35.0,7284.0,10.0,5.0,7.0,7.0,2
905,2.0,26.0,9303.0,9.0,5.0,7.0,7.0,2
906,1.0,68.0,1960.0,4.0,3.0,5.0,4.0,0
907,2.0,66.0,3465.0,5.0,4.0,7.0,5.0,1
908,2.0,59.0,1971.0,7.0,3.0,7.0,4.0,0
909,2.0,67.0,2212.0,10.0,5.0,5.0,4.0,0
910,1.0,49.0,6351.0,9.0,5.0,4.0,7.0,2
911,2.0,66.0,768.0,3.0,4.0,3.0,3.0,0
912,2.0,25.0,8367.0,10.0,5.0,4.0,7.0,2
913,2.0,62.0,1725.0,3.0,4.0,3.0,4.0,0
914,1.0,36.0,6668.0,7.0,5.0,3.0,7.0,2
915,1.0,22.0,4232.0,1.0,5.0,4.0,6.0,1
916,2.0,62.0,3033.0,4.0,3.0,5.0,5.0,1
917,2.0,58.0,2571.0,4.0,4.0,3.0,5.0,1
918,2.0,56.0,3828.0,5.0,5.0,3.0,6.0,1
919,2.0,52.0,2701.0,5.0,4.0,5.0,5.0,1
920,2.0,36.0,3818.0,4.0,3.0,3.0,6.0,1
921,2.0,19.0,4718.0,1.0,5.0,7.0,6.0,1
922,2.0,50.0,3729.0,7.0,5.0,3.0,6.0,1
923,2.0,34.0,5274.0,4.0,5.0,7.0,7.0,1
924,2.0,58.0,4190.0,5.0,4.0,4.0,6.0,1
925,1.0,61.0,6164.0,5.0,3.0,5.0,7.0,2
926,2.0,54.0,3605.0,6.0,4.0,3.0,6.0,1
927,2.0,53.0,664.0,4.0,3.0,3.0,3.0,0
928,1.0,32.0,6519.0,10.0,5.0,3.0,7.0,2
929,2.0,28.0,1805.0,8.0,5.0,5.0,4.0,0
930,1.0,36.0,5608.0,10.0,5.0,7.0,7.0,1
931,1.0,55.0,1487.0,4.0,3.0,3.0,3.0,0
932,1.0,28.0,2770.0,10.0,5.0,3.0,5.0,1
933,2.0,68.0,2256.0,4.0,4.0,4.0,4.0,1
934,2.0,53.0,2464.0,7.0,4.0,3.0,5.0,1
935,1.0,47.0,10779.0,11.0,5.0,3.0,7.0,2
936,1.0,32.0,2621.0,10.0,5.0,5.0,5.0,1
937,2.0,66.0,2028.0,4.0,4.0,7.0,4.0,0
938,2.0,60.0,3112.0,4.0,3.0,7.0,5.0,1
939,1.0,47.0,6166.0,9.0,5.0,4.0,7.0,2
940,2.0,27.0,1392.0,4.0,5.0,7.0,4.0,0
941,2.0,60.0,1654.0,4.0,3.0,4.0,4.0,0
942,1.0,66.0,1007.0,4.0,3.0,3.0,3.0,0
943,2.0,76.0,4108.0,10.0,5.0,4.0,6.0,1
944,1.0,73.0,3553.0,7.0,5.0,4.0,5.0,1
945,1.0,66.0,3035.0,5.0,3.0,3.0,5.0,1
946,1.0,55.0,4303.0,4.0,3.0,3.0,6.0,1
947,2.0,39.0,3845.0,10.0,5.0,3.0,5.0,1
948,2.0,34.0,3478.0,5.0,4.0,5.0,6.0,1
949,2.0,33.0,5839.0,8.0,5.0,4.0,7.0,1
950,2.0,48.0,2220.0,7.0,4.0,5.0,4.0,1
951,1.0,25.0,6479.0,9.0,5.0,5.0,7.0,2
952,2.0,58.0,2008.0,4.0,3.0,7.0,4.0,0
953,1.0,76.0,2635.0,7.0,4.0,3.0,5.0,1
954,1.0,55.0,2161.0,4.0,5.0,5.0,4.0,0
955,2.0,41.0,2688.0,8.0,5.0,7.0,5.0,1
956,2.0,51.0,2852.0,4.0,3.0,5.0,5.0,1
957,2.0,18.0,5111.0,1.0,5.0,7.0,6.0,1
958,2.0,42.0,6588.0,10.0,5.0,4.0,7.0,2
959,1.0,43.0,10250.0,11.0,5.0,4.0,7.0,2
960,1.0,26.0,1453.0,8.0,5.0,3.0,4.0,0
961,1.0,32.0,5076.0,10.0,5.0,4.0,6.0,1
962,1.0,30.0,1856.0,4.0,3.0,3.0,4.0,0
963,2.0,32.0,2961.0,10.0,5.0,3.0,5.0,1
964,1.0,74.0,3858.0,4.0,3.0,4.0,5.0,1
965,2.0,72.0,2526.0,12.0,5.0,7.0,5.0,1
966,2.0,70.0,2902.0,9.0,5.0,7.0,5.0,1
967,2.0,69.0,4274.0,4.0,4.0,5.0,6.0,1
968,2.0,62.0,476.0,10.0,5.0,5.0,3.0,0
969,1.0,46.0,9675.0,10.0,5.0,4.0,7.0,2
970,2.0,50.0,4748.0,4.0,5.0,7.0,6.0,1
971,2.0,67.0,2586.0,4.0,4.0,7.0,4.0,1
972,1.0,44.0,5619.0,10.0,5.0,4.0,7.0,1
973,1.0,37.0,3767.0,7.0,5.0,5.0,6.0,1
974,2.0,49.0,9522.0,4.0,5.0,4.0,7.0,2
975,1.0,26.0,1362.0,9.0,5.0,3.0,4.0,0
976,1.0,33.0,4319.0,4.0,5.0,4.0,6.0,1
977,1.0,67.0,2390.0,4.0,3.0,3.0,5.0,1
978,1.0,25.0,3011.0,10.0,5.0,5.0,5.0,1
979,2.0,33.0,4608.0,5.0,5.0,7.0,6.0,1
980,1.0,49.0,5310.0,8.0,5.0,4.0,7.0,1
981,1.0,54.0,6416.0,10.0,5.0,3.0,7.0,2
982,2.0,58.0,4812.0,7.0,5.0,4.0,6.0,1
983,2.0,43.0,4617.0,8.0,5.0,7.0,6.0,1
984,1.0,55.0,5636.0,5.0,5.0,7.0,7.0,1
985,2.0,73.0,4124.0,4.0,3.0,4.0,6.0,1
986,2.0,27.0,5500.0,4.0,5.0,3.0,7.0,1
987,2.0,41.0,7101.0,7.0,4.0,7.0,7.0,2
988,2.0,33.0,1463.0,5.0,5.0,3.0,4.0,0
989,2.0,51.0,12386.0,10.0,5.0,3.0,7.0,2
990,2.0,20.0,716.0,1.0,5.0,7.0,2.0,0
991,2.0,61.0,2411.0,10.0,5.0,4.0,5.0,1
992,2.0,75.0,2094.0,4.0,3.0,4.0,4.0,0
993,1.0,56.0,4078.0,4.0,3.0,5.0,6.0,1
994,1.0,18.0,4279.0,1.0,5.0,5.0,6.0,1
995,1.0,59.0,2882.0,4.0,3.0,3.0,4.0,1
996,1.0,56.0,4879.0,4.0,4.0,4.0,6.0,1
997,1.0,34.0,6295.0,8.0,5.0,3.0,7.0,2
998,2.0,24.0,2149.0,1.0,5.0,3.0,4.0,0
999,2.0,45.0,3886.0,4.0,4.0,4.0,6.0,1
1000,2.0,24.0,4601.0,6.0,5.0,7.0,6.0,1
1001,1.0,49.0,578.0,4.0,5.0,5.0,1.0,0
1002,1.0,74.0,3485.0,7.0,4.0,4.0,5.0,1
1003,1.0,33.0,4963.0,10.0,5.0,5.0,6.0,1
1004,1.0,72.0,580.0,4.0,3.0,7.0,3.0,0
1005,1.0,45.0,10487.0,4.0,4.0,4.0,7.0,2
1006,2.0,60.0,3780.0,4.0,4.0,7.0,6.0,1
1007,2.0,65.0,1889.0,4.0,4.0,4.0,3.0,0
1008,2.0,56.0,1378.0,7.0,5.0,5.0,4.0,0
1009,1.0,44.0,9000.0,9.0,5.0,3.0,7.0,2
1010,2.0,45.0,3534.0,4.0,5.0,7.0,6.0,1
1011,1.0,69.0,1955.0,4.0,4.0,7.0,4.0,0
1012,1.0,40.0,3601.0,9.0,5.0,7.0,5.0,1
1013,1.0,35.0,2544.0,9.0,5.0,5.0,5.0,1
1014,2.0,77.0,783.0,7.0,4.0,4.0,3.0,0
1015,1.0,33.0,2738.0,7.0,5.0,5.0,5.0,1
1016,1.0,33.0,4742.0,10.0,5.0,5.0,6.0,1
1017,2.0,25.0,1889.0,4.0,5.0,5.0,4.0,0
1018,2.0,44.0,3589.0,4.0,5.0,7.0,6.0,1
1019,1.0,32.0,4583.0,4.0,5.0,7.0,6.0,1
1020,1.0,31.0,3061.0,0.0,1.0,7.0,4.0,1
1021,1.0,33.0,3797.0,10.0,5.0,3.0,6.0,1
1022,2.0,52.0,4155.0,10.0,5.0,3.0,6.0,1
1023,1.0,57.0,7570.0,4.0,4.0,3.0,7.0,2
1024,1.0,45.0,14792.0,9.0,5.0,4.0,7.0,2
1025,1.0,49.0,9367.0,10.0,5.0,3.0,7.0,2
1026,2.0,34.0,3687.0,8.0,5.0,7.0,6.0,1
1027,1.0,36.0,2164.0,5.0,5.0,3.0,4.0,0
1028,1.0,46.0,5817.0,5.0,5.0,7.0,7.0,1
1029,2.0,68.0,2190.0,4.0,3.0,5.0,4.0,0
1030,1.0,61.0,3918.0,8.0,5.0,3.0,5.0,1
1031,2.0,72.0,1600.0,4.0,3.0,3.0,3.0,0
1032,1.0,33.0,9141.0,10.0,5.0,4.0,7.0,2
1033,2.0,27.0,8098.0,10.0,5.0,4.0,7.0,2
1034,2.0,64.0,5010.0,4.0,5.0,7.0,6.0,1
1035,2.0,70.0,3149.0,5.0,3.0,5.0,5.0,1
1036,1.0,37.0,2607.0,10.0,5.0,3.0,5.0,1
1037,1.0,58.0,2324.0,4.0,6.0,4.0,5.0,1
1038,2.0,63.0,1808.0,5.0,4.0,4.0,4.0,0
1039,2.0,29.0,4924.0,8.0,5.0,3.0,6.0,1
1040,2.0,61.0,2023.0,4.0,4.0,3.0,4.0,0
1041,2.0,57.0,2938.0,5.0,5.0,7.0,5.0,1
1042,1.0,53.0,3263.0,9.0,5.0,3.0,6.0,1
1043,1.0,42.0,3339.0,7.0,5.0,5.0,6.0,1
1044,1.0,75.0,2048.0,4.0,3.0,3.0,3.0,0
1045,2.0,77.0,4012.0,5.0,4.0,4.0,5.0,1
1046,2.0,33.0,4354.0,5.0,5.0,7.0,6.0,1
1047,2.0,48.0,6831.0,10.0,5.0,4.0,7.0,2
1048,1.0,35.0,3197.0,10.0,5.0,4.0,5.0,1
1049,1.0,64.0,5689.0,4.0,3.0,7.0,7.0,1
1050,2.0,66.0,3762.0,5.0,3.0,3.0,5.0,1
1051,1.0,27.0,453.0,8.0,5.0,3.0,2.0,0
1052,1.0,54.0,2692.0,4.0,4.0,4.0,5.0,1
1053,1.0,27.0,2742.0,4.0,5.0,4.0,5.0,1
1054,1.0,46.0,6020.0,5.0,5.0,7.0,7.0,2
1055,1.0,28.0,1777.0,4.0,4.0,5.0,4.0,0
1056,2.0,19.0,2314.0,7.0,5.0,5.0,5.0,1
1057,2.0,20.0,9417.0,1.0,5.0,5.0,7.0,2
1058,1.0,48.0,4247.0,9.0,5.0,5.0,6.0,1
1059,2.0,32.0,5116.0,4.0,4.0,3.0,6.0,1
1060,2.0,65.0,4803.0,9.0,5.0,3.0,6.0,1
1061,2.0,74.0,2979.0,4.0,4.0,4.0,5.0,1
1062,2.0,49.0,1074.0,3.0,4.0,3.0,1.0,0
1063,1.0,25.0,1307.0,8.0,5.0,3.0,2.0,0
1064,1.0,68.0,3624.0,5.0,3.0,5.0,6.0,1
1065,2.0,71.0,1625.0,4.0,3.0,5.0,4.0,0
1066,2.0,67.0,1436.0,10.0,5.0,5.0,3.0,0
1067,1.0,59.0,5145.0,10.0,5.0,4.0,7.0,1
1068,1.0,31.0,18735.0,4.0,5.0,4.0,7.0,2
1069,1.0,30.0,2062.0,5.0,5.0,3.0,4.0,0
1070,1.0,65.0,1117.0,7.0,4.0,4.0,1.0,0
1071,1.0,36.0,7947.0,3.0,5.0,4.0,7.0,2
1072,2.0,50.0,2882.0,4.0,3.0,5.0,5.0,1
1073,1.0,56.0,3085.0,4.0,4.0,4.0,4.0,1
1074,1.0,59.0,4058.0,4.0,3.0,7.0,6.0,1
1075,2.0,28.0,2086.0,8.0,5.0,5.0,4.0,0
1076,2.0,68.0,3637.0,5.0,3.0,3.0,5.0,1
1077,2.0,48.0,6725.0,10.0,5.0,4.0,7.0,2
1078,1.0,52.0,4843.0,10.0,5.0,7.0,6.0,1
1079,1.0,70.0,4243.0,4.0,4.0,5.0,6.0,1
1080,2.0,73.0,2339.0,5.0,3.0,4.0,5.0,1
1081,2.0,37.0,7329.0,10.0,5.0,3.0,7.0,2
1082,1.0,69.0,1967.0,5.0,4.0,3.0,4.0,0
1083,2.0,48.0,7362.0,4.0,5.0,3.0,7.0,2
1084,2.0,62.0,14192.0,10.0,5.0,5.0,7.0,2
1085,1.0,22.0,4899.0,1.0,5.0,4.0,6.0,1
1086,1.0,58.0,1147.0,4.0,4.0,4.0,3.0,0
1087,2.0,69.0,4449.0,4.0,4.0,5.0,6.0,1
1088,1.0,28.0,6037.0,10.0,5.0,3.0,7.0,2
1089,2.0,32.0,4704.0,4.0,4.0,3.0,6.0,1
1090,1.0,54.0,2893.0,4.0,3.0,4.0,5.0,1
1091,2.0,50.0,1960.0,4.0,3.0,3.0,4.0,0
1092,1.0,32.0,3876.0,10.0,5.0,7.0,6.0,1
1093,2.0,35.0,5268.0,4.0,5.0,4.0,7.0,1
1094,2.0,43.0,1997.0,4.0,4.0,4.0,4.0,0
1095,2.0,53.0,3649.0,6.0,4.0,3.0,6.0,1
1096,2.0,62.0,1333.0,5.0,3.0,5.0,3.0,0
1097,2.0,26.0,8615.0,10.0,5.0,4.0,7.0,2
1098,1.0,56.0,4159.0,5.0,4.0,3.0,6.0,1
1099,1.0,49.0,4175.0,4.0,5.0,7.0,6.0,1
1100,1.0,65.0,4027.0,4.0,3.0,5.0,5.0,1
1101,1.0,56.0,5674.0,10.0,5.0,3.0,7.0,1
1102,1.0,54.0,2867.0,4.0,3.0,5.0,5.0,1
1103,1.0,68.0,10266.0,9.0,5.0,5.0,7.0,2
1104,1.0,65.0,6411.0,5.0,4.0,4.0,7.0,2
1105,2.0,52.0,5517.0,9.0,5.0,3.0,7.0,1
1106,2.0,72.0,5042.0,4.0,3.0,7.0,6.0,1
1107,2.0,52.0,1030.0,5.0,5.0,3.0,3.0,0
1108,1.0,42.0,2462.0,9.0,5.0,4.0,5.0,1
1109,2.0,41.0,3278.0,4.0,4.0,4.0,5.0,1
1110,2.0,38.0,1775.0,10.0,5.0,7.0,4.0,0
1111,1.0,28.0,2717.0,10.0,5.0,3.0,5.0,1
1112,2.0,40.0,2364.0,9.0,5.0,3.0,5.0,1
1113,2.0,44.0,1575.0,4.0,4.0,4.0,4.0,0
1114,1.0,60.0,2614.0,4.0,4.0,3.0,5.0,1
1115,1.0,67.0,2657.0,4.0,3.0,3.0,5.0,1
1116,2.0,46.0,4771.0,7.0,5.0,4.0,6.0,1
1117,1.0,65.0,569.0,4.0,3.0,3.0,3.0,0
1118,2.0,46.0,5896.0,11.0,5.0,5.0,7.0,1
1119,2.0,56.0,7471.0,4.0,4.0,7.0,7.0,2
1120,2.0,29.0,3308.0,10.0,5.0,4.0,6.0,1
1121,1.0,55.0,8978.0,7.0,4.0,4.0,7.0,2
1122,2.0,55.0,6010.0,9.0,5.0,5.0,7.0,2
1123,2.0,49.0,1392.0,12.0,5.0,4.0,4.0,0
1124,1.0,47.0,3853.0,11.0,5.0,3.0,6.0,1
1125,1.0,54.0,10933.0,4.0,4.0,4.0,7.0,2
1126,1.0,21.0,8559.0,7.0,4.0,3.0,7.0,2
1127,1.0,45.0,4171.0,10.0,5.0,3.0,6.0,1
1128,2.0,74.0,3166.0,4.0,3.0,3.0,4.0,1
1129,2.0,34.0,3654.0,8.0,5.0,4.0,6.0,1
1130,1.0,60.0,828.0,4.0,4.0,3.0,1.0,0
1131,2.0,67.0,1634.0,4.0,3.0,3.0,4.0,0
1132,2.0,53.0,5537.0,4.0,5.0,4.0,7.0,1
1133,1.0,79.0,4143.0,4.0,3.0,3.0,5.0,1
1134,2.0,52.0,4219.0,4.0,4.0,5.0,6.0,1
1135,2.0,62.0,2753.0,4.0,3.0,7.0,5.0,1
1136,1.0,56.0,7846.0,4.0,4.0,3.0,7.0,2
1137,1.0,52.0,3343.0,11.0,5.0,5.0,6.0,1
1138,2.0,58.0,3352.0,7.0,5.0,4.0,5.0,1
1139,2.0,34.0,7770.0,10.0,5.0,7.0,7.0,2
1140,2.0,36.0,1628.0,10.0,5.0,5.0,4.0,0
1141,2.0,67.0,3053.0,10.0,5.0,5.0,5.0,1
1142,1.0,43.0,1646.0,4.0,4.0,3.0,4.0,0
1143,1.0,20.0,4213.0,1.0,5.0,7.0,6.0,1
1144,2.0,71.0,2133.0,4.0,1.0,3.0,4.0,0
1145,1.0,31.0,2614.0,9.0,5.0,3.0,5.0,1
1146,2.0,45.0,3676.0,5.0,5.0,7.0,5.0,1
1147,1.0,35.0,3299.0,4.0,5.0,7.0,6.0,1
1148,1.0,60.0,2914.0,4.0,3.0,4.0,5.0,1
1149,2.0,60.0,4962.0,3.0,4.0,7.0,6.0,1
1150,1.0,78.0,629.0,4.0,3.0,4.0,3.0,0
1151,2.0,35.0,5060.0,7.0,5.0,5.0,6.0,1
1152,2.0,77.0,1958.0,0.0,3.0,4.0,4.0,0
1153,1.0,73.0,2818.0,4.0,3.0,4.0,5.0,1
1154,2.0,61.0,5317.0,8.0,5.0,7.0,7.0,1
1155,1.0,45.0,5947.0,4.0,3.0,7.0,7.0,2
1156,2.0,71.0,3641.0,4.0,3.0,5.0,5.0,1
1157,1.0,44.0,6104.0,10.0,5.0,3.0,7.0,2
1158,1.0,77.0,3173.0,9.0,5.0,4.0,4.0,1
1159,1.0,34.0,3590.0,7.0,5.0,5.0,6.0,1
1160,1.0,60.0,3520.0,5.0,3.0,4.0,6.0,1
1161,1.0,63.0,1417.0,4.0,4.0,7.0,4.0,0
1162,1.0,35.0,2334.0,9.0,5.0,5.0,5.0,1
1163,2.0,52.0,5164.0,9.0,5.0,3.0,7.0,1
1164,2.0,73.0,3125.0,4.0,3.0,3.0,4.0,1
1165,2.0,75.0,1238.0,4.0,3.0,4.0,3.0,0
1166,1.0,74.0,4625.0,5.0,4.0,3.0,6.0,1
1167,1.0,34.0,2379.0,4.0,4.0,3.0,5.0,1
1168,2.0,41.0,5254.0,9.0,5.0,3.0,7.0,1
1169,1.0,62.0,6014.0,5.0,3.0,3.0,7.0,2
1170,2.0,68.0,2830.0,4.0,3.0,3.0,5.0,1
1171,2.0,68.0,3051.0,4.0,3.0,5.0,5.0,1
1172,2.0,33.0,3315.0,9.0,5.0,3.0,6.0,1
1173,1.0,60.0,4244.0,7.0,3.0,4.0,6.0,1
1174,2.0,29.0,6794.0,10.0,5.0,5.0,7.0,2
1175,1.0,62.0,3352.0,4.0,5.0,4.0,6.0,1
1176,1.0,35.0,3074.0,10.0,5.0,3.0,5.0,1
1177,2.0,44.0,3181.0,4.0,4.0,4.0,5.0,1
1178,1.0,34.0,8351.0,8.0,5.0,5.0,7.0,2
1179,1.0,27.0,1471.0,8.0,5.0,3.0,4.0,0
1180,1.0,39.0,4858.0,10.0,5.0,3.0,6.0,1
1181,2.0,25.0,9303.0,9.0,5.0,7.0,7.0,2
1182,1.0,77.0,3714.0,4.0,4.0,5.0,6.0,1
1183,2.0,62.0,3137.0,10.0,5.0,4.0,5.0,1
1184,1.0,59.0,1870.0,4.0,4.0,7.0,4.0,0
1185,2.0,66.0,3373.0,9.0,5.0,5.0,5.0,1
1186,2.0,46.0,3593.0,4.0,4.0,3.0,6.0,1
1187,1.0,64.0,4042.0,4.0,3.0,4.0,6.0,1
1188,2.0,48.0,5604.0,11.0,5.0,3.0,7.0,1
1189,1.0,58.0,8020.0,9.0,5.0,5.0,7.0,2
1190,1.0,24.0,7480.0,1.0,5.0,4.0,7.0,2
1191,2.0,35.0,10798.0,8.0,5.0,5.0,7.0,2
1192,2.0,46.0,4070.0,4.0,4.0,3.0,5.0,1
1193,2.0,52.0,2536.0,3.0,3.0,3.0,5.0,1
1194,2.0,63.0,2988.0,7.0,4.0,7.0,5.0,1
1195,2.0,32.0,4178.0,9.0,5.0,3.0,6.0,1
1196,1.0,35.0,5026.0,4.0,5.0,3.0,6.0,1
1197,2.0,53.0,2800.0,5.0,4.0,4.0,5.0,1
1198,1.0,57.0,727.0,4.0,4.0,3.0,3.0,0
1199,2.0,66.0,2959.0,6.0,4.0,3.0,5.0,1
1200,2.0,45.0,3757.0,4.0,5.0,3.0,5.0,1
1201,1.0,58.0,14440.0,7.0,4.0,3.0,7.0,2
1202,2.0,43.0,5351.0,11.0,5.0,5.0,7.0,1
1203,1.0,64.0,5775.0,7.0,4.0,3.0,7.0,1
1204,1.0,64.0,3386.0,5.0,3.0,5.0,6.0,1
1205,1.0,71.0,2683.0,4.0,2.0,3.0,5.0,1
1206,2.0,76.0,3974.0,4.0,4.0,4.0,6.0,1
1207,1.0,43.0,9227.0,10.0,5.0,3.0,7.0,2
1208,2.0,62.0,1629.0,5.0,4.0,4.0,4.0,0
1209,1.0,21.0,5455.0,8.0,5.0,3.0,7.0,1
1210,2.0,24.0,773.0,1.0,5.0,3.0,3.0,0
1211,2.0,36.0,5131.0,10.0,5.0,5.0,7.0,1
1212,1.0,53.0,10899.0,4.0,4.0,4.0,7.0,2
1213,2.0,77.0,1118.0,4.0,1.0,7.0,3.0,0
1214,1.0,31.0,4834.0,8.0,4.0,3.0,6.0,1
1215,1.0,68.0,4796.0,4.0,3.0,4.0,6.0,1
1216,1.0,35.0,2431.0,4.0,4.0,3.0,4.0,1
1217,1.0,46.0,1471.0,7.0,5.0,3.0,4.0,0
1218,2.0,42.0,12165.0,4.0,4.0,4.0,7.0,2
1219,1.0,46.0,3698.0,5.0,4.0,5.0,6.0,1
1220,1.0,59.0,5242.0,4.0,3.0,3.0,7.0,1
1221,1.0,45.0,10733.0,11.0,5.0,4.0,7.0,2
1222,1.0,60.0,10593.0,4.0,3.0,3.0,7.0,2
1223,1.0,69.0,2182.0,4.0,3.0,5.0,4.0,0
1224,1.0,35.0,7166.0,10.0,5.0,4.0,7.0,2
1225,1.0,69.0,1980.0,10.0,5.0,7.0,4.0,0
1226,2.0,70.0,3067.0,5.0,3.0,3.0,5.0,1
1227,1.0,34.0,3547.0,11.0,5.0,7.0,6.0,1
1228,1.0,63.0,2289.0,4.0,3.0,3.0,4.0,1
1229,1.0,49.0,4272.0,9.0,5.0,5.0,6.0,1
1230,2.0,29.0,2108.0,8.0,5.0,4.0,4.0,0
1231,2.0,66.0,1498.0,5.0,4.0,4.0,4.0,0
1232,1.0,55.0,2539.0,4.0,3.0,3.0,4.0,1
1233,2.0,61.0,2481.0,7.0,5.0,3.0,5.0,1
1234,2.0,62.0,531.0,3.0,3.0,4.0,1.0,0
1235,1.0,60.0,2933.0,4.0,3.0,4.0,5.0,1
1236,2.0,33.0,3471.0,9.0,5.0,3.0,6.0,1
1237,2.0,55.0,3054.0,10.0,5.0,5.0,5.0,1
1238,2.0,72.0,2086.0,12.0,3.0,7.0,4.0,0
1239,2.0,57.0,1322.0,4.0,3.0,4.0,3.0,0
1240,2.0,38.0,3971.0,10.0,5.0,3.0,5.0,1
1241,2.0,72.0,3233.0,7.0,4.0,3.0,4.0,1
1242,1.0,31.0,7528.0,8.0,5.0,7.0,7.0,2
1243,2.0,34.0,1392.0,4.0,5.0,3.0,4.0,0
1244,2.0,24.0,7316.0,1.0,5.0,3.0,7.0,2
1245,2.0,73.0,3613.0,5.0,3.0,7.0,6.0,1
1246,1.0,37.0,5092.0,4.0,4.0,3.0,6.0,1
1247,2.0,34.0,3639.0,8.0,5.0,4.0,6.0,1
1248,2.0,45.0,5377.0,11.0,5.0,5.0,7.0,1
1249,1.0,21.0,3054.0,4.0,3.0,7.0,5.0,1
1250,1.0,37.0,7869.0,7.0,4.0,3.0,7.0,2
1251,1.0,46.0,3287.0,10.0,5.0,7.0,6.0,1
1252,2.0,41.0,3225.0,10.0,5.0,4.0,5.0,1
1253,1.0,39.0,5803.0,9.0,5.0,3.0,7.0,1
1254,2.0,46.0,4179.0,10.0,5.0,4.0,6.0,1
1255,1.0,75.0,1972.0,7.0,3.0,5.0,4.0,0
1256,1.0,27.0,2310.0,10.0,5.0,3.0,5.0,1
1257,2.0,48.0,5761.0,9.0,5.0,3.0,7.0,1
1258,2.0,43.0,3456.0,4.0,5.0,7.0,6.0,1
1259,1.0,33.0,6993.0,9.0,5.0,5.0,7.0,2
1260,2.0,53.0,3179.0,7.0,4.0,3.0,5.0,1
1261,2.0,73.0,4992.0,9.0,5.0,5.0,6.0,1
1262,1.0,30.0,3909.0,11.0,5.0,7.0,5.0,1
1263,2.0,61.0,3481.0,3.0,3.0,5.0,6.0,1
1264,2.0,25.0,8815.0,10.0,5.0,4.0,7.0,2
1265,1.0,43.0,7777.0,9.0,5.0,7.0,7.0,2
1266,2.0,60.0,14182.0,10.0,5.0,5.0,7.0,2
1267,1.0,71.0,2463.0,7.0,3.0,4.0,5.0,1
1268,2.0,47.0,7191.0,10.0,5.0,7.0,7.0,2
1269,2.0,75.0,3776.0,4.0,3.0,4.0,6.0,1
1270,2.0,59.0,2860.0,10.0,5.0,4.0,5.0,1
1271,2.0,54.0,806.0,5.0,3.0,5.0,3.0,0
1272,2.0,42.0,5888.0,10.0,5.0,3.0,7.0,1
1273,1.0,53.0,3881.0,9.0,5.0,5.0,6.0,1
1274,2.0,35.0,5366.0,10.0,5.0,3.0,7.0,1
1275,2.0,67.0,4211.0,11.0,5.0,4.0,6.0,1
1276,2.0,37.0,5694.0,4.0,5.0,4.0,7.0,1
1277,1.0,63.0,2612.0,5.0,4.0,7.0,5.0,1
1278,2.0,35.0,5960.0,10.0,5.0,5.0,7.0,2
1279,2.0,76.0,3463.0,4.0,3.0,4.0,6.0,1
1280,1.0,31.0,2818.0,4.0,5.0,4.0,5.0,1
1281,2.0,32.0,3429.0,12.0,5.0,3.0,6.0,1
1282,1.0,55.0,1331.0,4.0,6.0,3.0,3.0,0
1283,1.0,70.0,1967.0,4.0,3.0,5.0,4.0,0
1284,2.0,67.0,3951.0,4.0,4.0,5.0,5.0,1
1285,2.0,36.0,7841.0,4.0,5.0,3.0,7.0,2
1286,2.0,46.0,1789.0,4.0,4.0,5.0,4.0,0
1287,1.0,62.0,3757.0,7.0,3.0,4.0,5.0,1
1288,2.0,60.0,845.0,4.0,5.0,7.0,3.0,0
1289,1.0,34.0,2885.0,4.0,4.0,3.0,5.0,1
1290,2.0,33.0,2617.0,5.0,5.0,4.0,5.0,1
1291,1.0,51.0,9657.0,4.0,4.0,4.0,7.0,2
1292,1.0,47.0,11108.0,11.0,5.0,3.0,7.0,2
1293,1.0,69.0,3028.0,7.0,3.0,4.0,5.0,1
1294,2.0,76.0,438.0,7.0,4.0,4.0,3.0,0
1295,1.0,36.0,6405.0,7.0,5.0,3.0,7.0,2
1296,1.0,59.0,4634.0,7.0,5.0,4.0,6.0,1
1297,1.0,62.0,2209.0,4.0,3.0,3.0,4.0,0
1298,2.0,37.0,7683.0,8.0,5.0,5.0,7.0,2
1299,1.0,43.0,2052.0,4.0,4.0,4.0,4.0,0
1300,2.0,55.0,9483.0,5.0,5.0,4.0,7.0,2
1301,1.0,37.0,3149.0,4.0,3.0,3.0,5.0,1
1302,2.0,60.0,2984.0,10.0,5.0,4.0,5.0,1
1303,1.0,65.0,5717.0,5.0,3.0,3.0,7.0,1
1304,2.0,66.0,5049.0,4.0,3.0,5.0,6.0,1
1305,1.0,46.0,7722.0,10.0,5.0,5.0,7.0,2
1306,1.0,52.0,3257.0,4.0,3.0,4.0,6.0,1
1307,2.0,26.0,2179.0,10.0,5.0,3.0,4.0,0
1308,2.0,66.0,5300.0,4.0,3.0,5.0,7.0,1
1309,2.0,60.0,6767.0,9.0,5.0,4.0,7.0,2
1310,1.0,32.0,4572.0,5.0,5.0,3.0,6.0,1
1311,1.0,80.0,791.0,4.0,3.0,4.0,3.0,0
1312,2.0,34.0,2447.0,8.0,5.0,5.0,5.0,1
1313,1.0,69.0,1765.0,7.0,3.0,3.0,4.0,0
1314,2.0,29.0,6063.0,10.0,5.0,5.0,7.0,2
1315,1.0,59.0,4021.0,7.0,3.0,3.0,6.0,1
1316,1.0,35.0,6756.0,4.0,4.0,3.0,7.0,2
1317,2.0,51.0,6668.0,4.0,4.0,4.0,7.0,2
1318,2.0,30.0,6265.0,10.0,5.0,5.0,7.0,2
1319,2.0,55.0,5183.0,4.0,5.0,4.0,7.0,1
1320,1.0,58.0,4120.0,4.0,4.0,4.0,6.0,1
1321,2.0,63.0,2217.0,0.0,3.0,3.0,3.0,0
1322,1.0,81.0,424.0,4.0,4.0,3.0,2.0,0
1323,1.0,31.0,3159.0,4.0,5.0,5.0,5.0,1
1324,1.0,54.0,5827.0,10.0,5.0,3.0,7.0,1
1325,2.0,50.0,5216.0,3.0,5.0,4.0,7.0,1
1326,1.0,20.0,5268.0,8.0,5.0,3.0,7.0,1
1327,2.0,66.0,1528.0,6.0,4.0,3.0,3.0,0
1328,2.0,54.0,663.0,4.0,3.0,3.0,3.0,0
1329,1.0,64.0,8793.0,7.0,5.0,4.0,7.0,2
1330,1.0,47.0,2699.0,3.0,3.0,3.0,5.0,1
1331,2.0,61.0,3749.0,4.0,4.0,7.0,6.0,1
1332,1.0,54.0,8343.0,4.0,4.0,5.0,7.0,2
1333,2.0,40.0,3679.0,4.0,4.0,4.0,5.0,1
1334,2.0,36.0,3479.0,8.0,5.0,7.0,6.0,1
1335,2.0,44.0,2599.0,4.0,4.0,4.0,5.0,1
1336,2.0,70.0,3480.0,4.0,4.0,4.0,6.0,1
1337,1.0,60.0,4451.0,5.0,3.0,5.0,6.0,1
1338,1.0,65.0,1934.0,4.0,3.0,3.0,4.0,0
1339,1.0,27.0,3265.0,10.0,5.0,7.0,5.0,1
1340,2.0,23.0,4124.0,9.0,5.0,3.0,5.0,1
1341,2.0,30.0,3726.0,10.0,5.0,4.0,6.0,1
1342,2.0,35.0,3715.0,8.0,5.0,4.0,6.0,1
1343,1.0,54.0,7400.0,10.0,5.0,7.0,7.0,2
1344,1.0,47.0,3930.0,4.0,5.0,7.0,6.0,1
1345,2.0,34.0,5839.0,9.0,5.0,3.0,7.0,1
1346,2.0,66.0,2982.0,4.0,4.0,3.0,4.0,1
1347,2.0,45.0,3210.0,4.0,5.0,3.0,5.0,1
1348,1.0,62.0,2692.0,4.0,3.0,3.0,5.0,1
1349,1.0,54.0,3323.0,10.0,5.0,4.0,6.0,1
1350,2.0,43.0,3053.0,9.0,5.0,3.0,5.0,1
1351,2.0,71.0,3913.0,4.0,3.0,5.0,5.0,1
1352,2.0,68.0,2326.0,4.0,4.0,7.0,5.0,1
1353,1.0,51.0,7467.0,9.0,5.0,4.0,7.0,2
1354,1.0,34.0,4004.0,7.0,5.0,5.0,6.0,1
1355,1.0,59.0,1314.0,4.0,4.0,3.0,3.0,0
1356,2.0,65.0,1691.0,10.0,5.0,3.0,4.0,0
1357,2.0,29.0,2746.0,5.0,5.0,5.0,5.0,1
1358,2.0,46.0,4601.0,4.0,4.0,4.0,6.0,1
1359,1.0,71.0,3942.0,10.0,5.0,4.0,6.0,1
1360,1.0,44.0,3904.0,10.0,5.0,3.0,6.0,1
1361,1.0,61.0,4630.0,7.0,4.0,4.0,6.0,1
1362,2.0,44.0,2476.0,9.0,5.0,3.0,5.0,1
1363,2.0,30.0,3795.0,5.0,4.0,3.0,6.0,1
1364,2.0,65.0,3266.0,4.0,5.0,4.0,6.0,1
1365,1.0,78.0,4517.0,7.0,3.0,4.0,6.0,1
1366,2.0,55.0,5413.0,10.0,5.0,3.0,7.0,1
1367,1.0,63.0,2365.0,6.0,4.0,3.0,5.0,1
1368,1.0,55.0,4275.0,7.0,5.0,4.0,7.0,1
1369,2.0,78.0,3984.0,10.0,5.0,3.0,6.0,1
1370,1.0,63.0,4609.0,10.0,5.0,4.0,6.0,1
1371,2.0,37.0,6185.0,10.0,5.0,3.0,7.0,2
1372,1.0,48.0,6001.0,7.0,5.0,3.0,7.0,2
1373,2.0,21.0,1659.0,3.0,5.0,4.0,3.0,0
1374,2.0,31.0,1776.0,8.0,5.0,5.0,4.0,0
1375,2.0,36.0,3896.0,4.0,4.0,4.0,6.0,1
1376,1.0,52.0,1508.0,4.0,3.0,3.0,4.0,0
1377,2.0,50.0,3978.0,5.0,3.0,3.0,6.0,1
1378,2.0,72.0,2157.0,4.0,3.0,4.0,4.0,0
1379,2.0,36.0,3705.0,5.0,4.0,5.0,5.0,1
1380,2.0,55.0,4850.0,4.0,4.0,3.0,6.0,1
1381,2.0,65.0,1102.0,4.0,3.0,5.0,3.0,0
1382,1.0,57.0,7936.0,10.0,5.0,5.0,7.0,2
1383,2.0,61.0,3031.0,4.0,3.0,4.0,5.0,1
1384,1.0,64.0,4522.0,4.0,3.0,3.0,6.0,1
1385,1.0,50.0,3723.0,9.0,5.0,3.0,6.0,1
1386,2.0,52.0,4553.0,4.0,4.0,5.0,6.0,1
1387,1.0,34.0,2806.0,10.0,5.0,3.0,5.0,1
1388,2.0,28.0,2204.0,8.0,5.0,5.0,4.0,0
1389,1.0,55.0,2393.0,4.0,4.0,3.0,5.0,1
1390,1.0,23.0,2203.0,1.0,5.0,3.0,4.0,0
1391,2.0,38.0,4657.0,4.0,3.0,4.0,6.0,1
1392,2.0,43.0,2439.0,4.0,3.0,3.0,5.0,1
1393,1.0,50.0,12583.0,8.0,5.0,7.0,7.0,2
1394,1.0,59.0,8127.0,9.0,5.0,5.0,7.0,2
1395,2.0,24.0,4208.0,6.0,5.0,7.0,6.0,1
1396,1.0,64.0,3685.0,7.0,3.0,3.0,6.0,1
1397,2.0,53.0,8483.0,9.0,5.0,4.0,7.0,2
1398,2.0,32.0,12693.0,10.0,5.0,7.0,7.0,2
1399,2.0,32.0,3834.0,10.0,5.0,4.0,6.0,1
1400,2.0,63.0,2832.0,10.0,5.0,5.0,5.0,1
1401,2.0,32.0,2832.0,4.0,5.0,7.0,5.0,1
1402,2.0,33.0,1438.0,5.0,5.0,3.0,4.0,0
1403,1.0,62.0,4518.0,7.0,3.0,3.0,6.0,1
1404,1.0,36.0,7127.0,9.0,5.0,4.0,7.0,2
1405,2.0,43.0,7444.0,10.0,5.0,7.0,7.0,2
1406,2.0,34.0,1711.0,10.0,5.0,5.0,4.0,0
1407,2.0,21.0,732.0,1.0,5.0,4.0,3.0,0
1408,1.0,43.0,7833.0,7.0,2.0,3.0,7.0,2
1409,1.0,66.0,3830.0,4.0,3.0,7.0,6.0,1
1410,1.0,71.0,2406.0,12.0,3.0,7.0,4.0,1
1411,1.0,33.0,4801.0,7.0,4.0,5.0,6.0,1
1412,1.0,52.0,5120.0,4.0,4.0,7.0,6.0,1
1413,1.0,70.0,1706.0,4.0,3.0,5.0,4.0,0
1414,2.0,42.0,3967.0,10.0,5.0,7.0,5.0,1
1415,1.0,60.0,1980.0,4.0,3.0,4.0,3.0,0
1416,1.0,71.0,2749.0,12.0,3.0,7.0,4.0,1
1417,2.0,63.0,1743.0,4.0,3.0,4.0,4.0,0
1418,2.0,21.0,1563.0,1.0,5.0,3.0,4.0,0
1419,1.0,56.0,3636.0,4.0,4.0,5.0,6.0,1
1420,1.0,73.0,1613.0,4.0,3.0,3.0,3.0,0
1421,2.0,24.0,1819.0,10.0,5.0,4.0,4.0,0
1422,1.0,61.0,1992.0,4.0,3.0,7.0,4.0,0
1423,2.0,65.0,3136.0,10.0,5.0,3.0,5.0,1
1424,1.0,56.0,2439.0,4.0,3.0,5.0,5.0,1
1425,2.0,21.0,4004.0,7.0,6.0,3.0,5.0,1
1426,2.0,23.0,3959.0,5.0,4.0,3.0,6.0,1
1427,1.0,38.0,10415.0,10.0,5.0,5.0,7.0,2
1428,2.0,51.0,3423.0,8.0,4.0,5.0,6.0,1
1429,2.0,51.0,6131.0,4.0,4.0,4.0,7.0,2
1430,1.0,38.0,2431.0,4.0,4.0,5.0,5.0,1
1431,1.0,62.0,1665.0,4.0,4.0,3.0,4.0,0
1432,2.0,68.0,2576.0,7.0,5.0,4.0,5.0,1
1433,2.0,32.0,4005.0,10.0,5.0,3.0,5.0,1
1434,1.0,23.0,3566.0,4.0,5.0,4.0,6.0,1
1435,1.0,48.0,3395.0,11.0,5.0,3.0,6.0,1
1436,2.0,31.0,3220.0,10.0,5.0,3.0,5.0,1
1437,1.0,45.0,9547.0,10.0,5.0,4.0,7.0,2
1438,1.0,34.0,7759.0,7.0,4.0,3.0,7.0,2
1439,1.0,62.0,4651.0,5.0,3.0,5.0,6.0,1
1440,2.0,74.0,4274.0,9.0,5.0,4.0,6.0,1
1441,2.0,28.0,1913.0,8.0,5.0,5.0,4.0,0
1442,2.0,31.0,2721.0,5.0,4.0,3.0,5.0,1
1443,1.0,53.0,3542.0,3.0,5.0,4.0,6.0,1
1444,2.0,22.0,2385.0,8.0,5.0,3.0,5.0,1
1445,1.0,65.0,1659.0,4.0,3.0,5.0,4.0,0
1446,1.0,20.0,5379.0,8.0,5.0,4.0,7.0,1
1447,2.0,57.0,4518.0,0.0,4.0,7.0,6.0,1
1448,1.0,53.0,3913.0,10.0,5.0,4.0,6.0,1
1449,1.0,40.0,4293.0,9.0,5.0,4.0,7.0,1
1450,2.0,47.0,5479.0,9.0,5.0,3.0,7.0,1
1451,2.0,71.0,3016.0,4.0,3.0,5.0,5.0,1
1452,2.0,53.0,8235.0,9.0,5.0,4.0,7.0,2
1453,2.0,52.0,7809.0,8.0,4.0,4.0,7.0,2
1454,2.0,55.0,3115.0,4.0,4.0,3.0,5.0,1
1455,1.0,72.0,3421.0,5.0,3.0,4.0,6.0,1
1456,2.0,36.0,3854.0,4.0,3.0,3.0,6.0,1
1457,2.0,34.0,4784.0,7.0,4.0,4.0,6.0,1
1458,2.0,59.0,5283.0,7.0,5.0,3.0,7.0,1
1459,1.0,58.0,2827.0,5.0,4.0,5.0,5.0,1
1460,1.0,33.0,6510.0,8.0,5.0,3.0,7.0,2
1461,1.0,29.0,7230.0,7.0,5.0,4.0,7.0,2
1462,1.0,33.0,2973.0,9.0,5.0,5.0,5.0,1
1463,2.0,62.0,5965.0,8.0,5.0,4.0,7.0,2
1464,1.0,58.0,6906.0,10.0,5.0,3.0,7.0,2
1465,1.0,52.0,4282.0,4.0,4.0,7.0,6.0,1
1466,2.0,73.0,3599.0,4.0,5.0,4.0,5.0,1
1467,2.0,34.0,1446.0,10.0,5.0,5.0,4.0,0
1468,1.0,65.0,3679.0,10.0,5.0,3.0,6.0,1
1469,2.0,44.0,6687.0,11.0,5.0,4.0,7.0,2
1470,1.0,36.0,1087.0,3.0,4.0,3.0,2.0,0
1471,1.0,60.0,4237.0,4.0,4.0,3.0,6.0,1
1472,2.0,28.0,2409.0,5.0,5.0,5.0,5.0,1
1473,1.0,35.0,6658.0,7.0,5.0,3.0,7.0,2
1474,2.0,46.0,3088.0,9.0,5.0,3.0,5.0,1
1475,1.0,42.0,3814.0,9.0,5.0,7.0,5.0,1
1476,2.0,44.0,3331.0,9.0,5.0,3.0,6.0,1
1477,2.0,47.0,1439.0,4.0,5.0,3.0,4.0,0
1478,2.0,58.0,3789.0,4.0,3.0,3.0,6.0,1
1479,1.0,60.0,6267.0,7.0,4.0,3.0,7.0,2
1480,1.0,32.0,1125.0,1.0,5.0,7.0,3.0,0
1481,1.0,79.0,3527.0,7.0,3.0,5.0,5.0,1
1482,2.0,77.0,1199.0,4.0,1.0,7.0,3.0,0
1483,1.0,53.0,6912.0,7.0,5.0,5.0,7.0,2
1484,1.0,65.0,3742.0,4.0,3.0,4.0,6.0,1
1485,1.0,39.0,8605.0,8.0,5.0,3.0,7.0,2
1486,1.0,35.0,4901.0,11.0,5.0,3.0,6.0,1
1487,2.0,62.0,5712.0,4.0,4.0,4.0,7.0,1
1488,2.0,57.0,2911.0,5.0,5.0,7.0,5.0,1
1489,1.0,63.0,2682.0,4.0,3.0,4.0,5.0,1
1490,1.0,53.0,3142.0,4.0,3.0,5.0,5.0,1
1491,1.0,58.0,3409.0,4.0,3.0,3.0,6.0,1
1492,2.0,70.0,2455.0,9.0,5.0,7.0,5.0,1
1493,2.0,48.0,5804.0,4.0,5.0,4.0,7.0,1
1494,2.0,29.0,6262.0,10.0,5.0,5.0,7.0,2
1495,2.0,23.0,911.0,1.0,5.0,3.0,3.0,0
1496,1.0,54.0,2210.0,4.0,3.0,7.0,4.0,0
1497,2.0,27.0,1698.0,9.0,5.0,5.0,4.0,0
1498,2.0,23.0,1114.0,1.0,5.0,3.0,3.0,0
1499,1.0,79.0,2179.0,4.0,3.0,4.0,4.0,0
1500,2.0,48.0,2922.0,8.0,5.0,3.0,5.0,1
1501,1.0,30.0,10850.0,10.0,5.0,7.0,7.0,2
1502,1.0,81.0,1848.0,4.0,3.0,4.0,4.0,0
1503,1.0,62.0,4932.0,5.0,3.0,5.0,6.0,1
1504,2.0,45.0,6061.0,11.0,5.0,5.0,7.0,2
1505,1.0,63.0,3674.0,4.0,3.0,4.0,6.0,1
1506,2.0,32.0,5176.0,8.0,5.0,3.0,7.0,1
1507,1.0,54.0,3571.0,4.0,3.0,3.0,6.0,1
1508,2.0,50.0,12175.0,10.0,5.0,3.0,7.0,2
1509,1.0,63.0,5057.0,7.0,4.0,5.0,6.0,1
1510,1.0,62.0,483.0,4.0,4.0,3.0,3.0,0
1511,2.0,57.0,2223.0,7.0,3.0,7.0,4.0,1
1512,2.0,21.0,2716.0,4.0,4.0,3.0,5.0,1
1513,1.0,54.0,4277.0,9.0,5.0,3.0,6.0,1
1514,2.0,57.0,5830.0,10.0,5.0,4.0,7.0,1
1515,1.0,51.0,2416.0,4.0,4.0,4.0,5.0,1
1516,1.0,65.0,3369.0,4.0,4.0,3.0,6.0,1
1517,2.0,56.0,6286.0,10.0,5.0,7.0,7.0,2
1518,2.0,29.0,2817.0,10.0,5.0,5.0,5.0,1
1519,2.0,36.0,8565.0,9.0,5.0,7.0,7.0,2
1520,1.0,71.0,4992.0,4.0,3.0,5.0,6.0,1
1521,1.0,57.0,5678.0,4.0,4.0,7.0,7.0,1
1522,1.0,70.0,3842.0,7.0,3.0,4.0,6.0,1
1523,1.0,35.0,4635.0,4.0,4.0,3.0,6.0,1
1524,1.0,58.0,5597.0,10.0,5.0,4.0,7.0,1
1525,1.0,34.0,6687.0,7.0,5.0,3.0,7.0,2
1526,1.0,38.0,1616.0,4.0,4.0,7.0,4.0,0
1527,1.0,55.0,4461.0,4.0,3.0,3.0,6.0,1
1528,1.0,34.0,3829.0,10.0,5.0,7.0,5.0,1
1529,1.0,53.0,9469.0,4.0,4.0,4.0,7.0,2
1530,2.0,78.0,1532.0,4.0,3.0,4.0,4.0,0
1531,1.0,45.0,10949.0,5.0,5.0,3.0,7.0,2
1532,2.0,31.0,5639.0,4.0,5.0,7.0,7.0,1
1533,2.0,69.0,1205.0,4.0,5.0,7.0,3.0,0
1534,1.0,69.0,3536.0,10.0,5.0,4.0,6.0,1
1535,1.0,35.0,3406.0,8.0,5.0,4.0,6.0,1
1536,1.0,72.0,4229.0,4.0,3.0,3.0,6.0,1
1537,2.0,30.0,5622.0,9.0,5.0,7.0,7.0,1
1538,2.0,60.0,14082.0,10.0,5.0,5.0,7.0,2
1539,1.0,41.0,3819.0,9.0,5.0,7.0,5.0,1
1540,1.0,75.0,3757.0,9.0,3.0,4.0,6.0,1
1541,1.0,26.0,3862.0,1.0,5.0,5.0,6.0,1
1542,1.0,68.0,2180.0,4.0,3.0,5.0,4.0,0
1543,1.0,66.0,1661.0,4.0,3.0,7.0,4.0,0
1544,2.0,45.0,3051.0,4.0,5.0,3.0,5.0,1
1545,2.0,81.0,2516.0,3.0,3.0,5.0,5.0,1
1546,1.0,56.0,7315.0,4.0,4.0,3.0,7.0,2
1547,1.0,61.0,4648.0,4.0,4.0,3.0,6.0,1
1548,2.0,69.0,2791.0,5.0,3.0,5.0,5.0,1
1549,2.0,62.0,6757.0,10.0,5.0,4.0,7.0,2
1550,1.0,49.0,8909.0,9.0,5.0,5.0,7.0,2
1551,1.0,55.0,5818.0,9.0,5.0,3.0,7.0,1
1552,1.0,47.0,4941.0,9.0,5.0,4.0,7.0,1
1553,2.0,72.0,3244.0,4.0,3.0,4.0,5.0,1
1554,2.0,57.0,1891.0,9.0,5.0,4.0,4.0,0
1555,1.0,43.0,13603.0,9.0,5.0,3.0,7.0,2
1556,2.0,51.0,552.0,4.0,4.0,7.0,3.0,0
1557,1.0,36.0,3122.0,8.0,5.0,3.0,5.0,1
1558,2.0,26.0,8936.0,9.0,5.0,7.0,7.0,2
1559,2.0,54.0,8797.0,9.0,5.0,4.0,7.0,2
1560,2.0,68.0,4811.0,9.0,5.0,4.0,6.0,1
1561,1.0,55.0,3963.0,9.0,5.0,5.0,6.0,1
1562,1.0,53.0,1057.0,4.0,6.0,3.0,3.0,0
1563,1.0,48.0,3956.0,4.0,4.0,3.0,6.0,1
1564,2.0,36.0,3931.0,8.0,5.0,7.0,6.0,1
1565,1.0,49.0,3144.0,4.0,3.0,7.0,5.0,1
1566,2.0,55.0,760.0,4.0,3.0,3.0,3.0,0
1567,1.0,55.0,1722.0,10.0,5.0,7.0,4.0,0
1568,2.0,55.0,2913.0,4.0,4.0,3.0,5.0,1
1569,2.0,66.0,2801.0,7.0,5.0,4.0,5.0,1
1570,2.0,52.0,3881.0,10.0,5.0,7.0,6.0,1
1571,1.0,36.0,4529.0,4.0,4.0,4.0,6.0,1
1572,1.0,22.0,2696.0,1.0,5.0,4.0,5.0,1
1573,2.0,55.0,3611.0,10.0,5.0,3.0,5.0,1
1574,2.0,74.0,459.0,4.0,3.0,4.0,3.0,0
1575,2.0,64.0,2055.0,0.0,3.0,3.0,3.0,0
1576,2.0,41.0,3778.0,4.0,4.0,4.0,5.0,1
1577,1.0,54.0,5016.0,4.0,4.0,5.0,6.0,1
1578,1.0,45.0,4877.0,4.0,4.0,3.0,6.0,1
1579,1.0,60.0,5513.0,9.0,5.0,5.0,7.0,1
1580,1.0,32.0,6793.0,8.0,5.0,3.0,7.0,2
1581,1.0,47.0,11765.0,10.0,5.0,4.0,7.0,2
1582,1.0,25.0,3841.0,8.0,5.0,7.0,6.0,1
1583,2.0,43.0,12581.0,4.0,4.0,4.0,7.0,2
1584,2.0,40.0,5021.0,9.0,5.0,3.0,7.0,1
1585,1.0,62.0,4481.0,4.0,4.0,4.0,6.0,1
1586,2.0,54.0,4447.0,4.0,4.0,5.0,6.0,1
1587,2.0,76.0,1639.0,4.0,3.0,4.0,3.0,0
1588,2.0,44.0,8778.0,7.0,5.0,5.0,7.0,2
1589,2.0,70.0,1684.0,9.0,5.0,3.0,4.0,0
1590,1.0,51.0,3631.0,4.0,4.0,3.0,6.0,1
1591,2.0,42.0,4493.0,9.0,5.0,3.0,7.0,1
1592,1.0,25.0,2553.0,8.0,5.0,4.0,5.0,1
1593,1.0,62.0,2180.0,4.0,4.0,7.0,4.0,0
1594,2.0,66.0,1779.0,6.0,5.0,7.0,4.0,0
1595,1.0,57.0,4685.0,4.0,3.0,5.0,6.0,1
1596,1.0,32.0,2680.0,7.0,5.0,5.0,5.0,1
1597,2.0,68.0,3558.0,4.0,3.0,3.0,6.0,1
1598,2.0,56.0,14905.0,4.0,3.0,4.0,7.0,2
1599,2.0,61.0,2204.0,3.0,3.0,3.0,4.0,0
1600,1.0,50.0,6327.0,7.0,5.0,3.0,7.0,2
1601,2.0,63.0,2958.0,10.0,5.0,3.0,5.0,1
1602,2.0,52.0,2504.0,6.0,4.0,4.0,5.0,1
1603,2.0,60.0,14440.0,10.0,5.0,5.0,7.0,2
1604,1.0,35.0,6503.0,8.0,5.0,7.0,7.0,2
1605,2.0,66.0,1643.0,7.0,4.0,3.0,4.0,0
1606,1.0,29.0,3646.0,10.0,5.0,5.0,6.0,1
1607,1.0,25.0,2058.0,8.0,5.0,3.0,4.0,0
1608,1.0,57.0,4988.0,7.0,4.0,3.0,6.0,1
1609,2.0,61.0,5887.0,8.0,5.0,4.0,7.0,1
1610,2.0,36.0,3365.0,8.0,5.0,5.0,6.0,1
1611,2.0,71.0,3212.0,7.0,6.0,5.0,5.0,1
1612,2.0,40.0,2751.0,10.0,5.0,3.0,5.0,1
1613,2.0,54.0,3197.0,7.0,4.0,3.0,5.0,1
1614,1.0,53.0,3403.0,7.0,4.0,3.0,6.0,1
1615,1.0,47.0,6008.0,7.0,5.0,3.0,7.0,2
1616,1.0,45.0,8125.0,4.0,5.0,7.0,7.0,2
1617,1.0,36.0,1239.0,4.0,5.0,3.0,3.0,0
1618,2.0,52.0,1617.0,7.0,5.0,4.0,4.0,0
1619,1.0,25.0,3093.0,10.0,5.0,7.0,4.0,1
1620,1.0,28.0,1516.0,7.0,4.0,3.0,4.0,0
1621,1.0,68.0,3106.0,7.0,3.0,3.0,5.0,1
1622,1.0,39.0,3865.0,10.0,5.0,5.0,6.0,1
1623,2.0,46.0,3357.0,4.0,5.0,5.0,6.0,1
1624,1.0,64.0,5064.0,7.0,4.0,5.0,6.0,1
1625,1.0,52.0,5531.0,5.0,4.0,5.0,7.0,1
1626,2.0,48.0,9997.0,10.0,5.0,3.0,7.0,2
1627,1.0,66.0,4976.0,7.0,5.0,4.0,6.0,1
1628,1.0,22.0,7055.0,1.0,5.0,4.0,7.0,2
1629,2.0,61.0,13621.0,11.0,5.0,4.0,7.0,2
1630,1.0,71.0,3936.0,4.0,3.0,5.0,5.0,1
1631,2.0,40.0,15551.0,4.0,4.0,7.0,7.0,2
