ticks,road-section,number-of-cars,mean-speed
1,1,5,0.1584
1,44,3,0.132
1,9,4,0.1485
1,8,6,0.165
1,47,5,0.1584
1,50,2,0.198
1,97,1,0.198
1,17,6,0.1485
1,60,4,0.14850000000000002
1,29,4,0.14850000000000002
1,41,6,0.1815
1,2,4,0.14850000000000002
1,69,2,0.198
1,18,5,0.1584
1,76,2,0.198
1,13,4,0.14850000000000002
1,78,7,0.15557142857142855
1,11,5,0.099
1,40,3,0.165
1,26,4,0.198
1,58,8,0.12375
1,21,4,0.198
1,56,4,0.14850000000000002
1,57,2,0.198
1,30,1,0.198
1,43,3,0.19800000000000004
1,4,3,0.19800000000000004
1,54,11,0.13499999999999998
1,14,1,0.198
1,87,1,0.198
1,59,4,0.198
1,79,1,0.198
1,23,5,0.0792
1,19,3,0.19800000000000004
1,32,5,0.1782
1,34,3,0.19800000000000004
1,45,8,0.111375
1,22,4,0.198
1,75,4,0.14850000000000002
1,86,2,0.198
1,49,6,0.1815
1,12,3,0.132
1,55,1,0.198
1,16,3,0.19800000000000004
1,39,5,0.1386
1,6,2,0.198
1,51,2,0.099
1,20,4,0.12375000000000001
1,3,3,0.165
1,67,2,0.198
1,73,4,0.099
1,35,6,0.1485
1,27,3,0.066
1,7,1,0.198
1,64,2,0.198
1,5,1,0.198
2,1,5,0.2574
2,44,3,0.231
2,9,4,0.22275
2,8,6,0.24750000000000005
2,47,5,0.23760000000000003
2,50,2,0.29700000000000004
2,97,1,0.29700000000000004
2,17,6,0.21450000000000002
2,60,4,0.27225000000000005
2,29,4,0.24750000000000003
2,41,6,0.2805
2,2,4,0.24750000000000003
2,69,2,0.29700000000000004
2,18,5,0.2574
2,76,2,0.29700000000000004
2,13,4,0.27225000000000005
2,78,7,0.25457142857142856
2,11,5,0.15840000000000004
2,40,3,0.231
2,26,4,0.29700000000000004
2,58,8,0.19800000000000004
2,21,4,0.29700000000000004
2,56,4,0.22275000000000003
2,57,2,0.29700000000000004
2,30,1,0.29700000000000004
2,43,3,0.29700000000000004
2,4,3,0.29700000000000004
2,54,11,0.252
2,14,1,0.29700000000000004
2,87,1,0.29700000000000004
2,59,4,0.29700000000000004
2,79,1,0.29700000000000004
2,23,5,0.1386
2,19,3,0.29700000000000004
2,32,5,0.2772
2,34,3,0.29700000000000004
2,45,8,0.17325000000000002
2,22,4,0.29700000000000004
2,75,4,0.24750000000000005
2,86,2,0.29700000000000004
2,49,6,0.2805
2,12,3,0.231
2,55,1,0.29700000000000004
2,16,3,0.29700000000000004
2,39,5,0.198
2,6,2,0.29700000000000004
2,51,2,0.198
2,20,4,0.19800000000000004
2,3,3,0.231
2,67,2,0.29700000000000004
2,73,4,0.17325000000000002
2,35,6,0.21450000000000002
2,27,3,0.09900000000000002
2,7,1,0.29700000000000004
2,64,1,0.29700000000000004
2,5,2,0.14850000000000002
3,1,5,0.3564
3,44,3,0.33
3,9,3,0.33
3,8,6,0.33
3,47,5,0.33660000000000007
3,50,2,0.396
3,97,1,0.396
3,17,6,0.31349999999999995
3,60,5,0.3564
3,29,4,0.34650000000000003
3,41,6,0.37949999999999995
3,2,4,0.34650000000000003
3,69,2,0.396
3,18,5,0.3564
3,76,2,0.396
3,13,4,0.37124999999999997
3,78,7,0.3394285714285714
3,11,5,0.198
3,40,3,0.33
3,26,4,0.396
3,58,7,0.2687142857142857
3,21,4,0.396
3,56,4,0.29700000000000004
3,57,2,0.396
3,30,1,0.396
3,43,3,0.3960000000000001
3,4,3,0.3960000000000001
3,54,10,0.3465
3,14,1,0.396
3,87,1,0.396
3,59,4,0.396
3,79,1,0.396
3,23,5,0.198
3,19,3,0.3960000000000001
3,0,3,0.29700000000000004
3,32,5,0.3564
3,34,3,0.3960000000000001
3,45,8,0.25987499999999997
3,22,4,0.396
3,75,4,0.32175000000000004
3,86,2,0.198
3,49,6,0.37949999999999995
3,12,4,0.34650000000000003
3,55,1,0.396
3,16,3,0.3960000000000001
3,39,5,0.2772
3,6,2,0.396
3,51,2,0.29700000000000004
3,20,4,0.27225
3,3,3,0.33
3,67,1,0.396
3,73,4,0.27225
3,35,6,0.297
3,27,3,0.132
3,64,1,0.396
3,5,2,0.2475
4,1,5,0.4554
4,44,3,0.297
4,9,3,0.429
4,8,6,0.33
4,47,5,0.4356000000000001
4,50,2,0.495
4,17,6,0.3960000000000001
4,60,5,0.3762
4,29,4,0.4455
4,41,6,0.462
4,2,4,0.4455
4,69,2,0.495
4,18,5,0.4554
4,76,2,0.2475
4,13,4,0.47024999999999995
4,78,7,0.38185714285714295
4,11,5,0.25739999999999996
4,40,3,0.429
4,26,4,0.495
4,58,7,0.36771428571428577
4,21,4,0.495
4,56,4,0.37124999999999997
4,57,2,0.495
4,82,1,0
4,30,1,0.495
4,43,3,0.33
4,4,3,0.49499999999999994
4,54,10,0.37620000000000003
4,14,1,0.495
4,87,1,0.495
4,59,4,0.495
4,79,1,0.495
4,23,5,0.1782
4,19,3,0.49499999999999994
4,0,3,0.3960000000000001
4,32,5,0.4554
4,34,3,0.49499999999999994
4,45,8,0.2846250000000001
4,22,4,0.495
4,75,4,0.396
4,86,2,0.2475
4,49,6,0.3795
4,12,4,0.32175
4,55,1,0.495
4,16,3,0.49499999999999994
4,39,5,0.3762
4,6,2,0.495
4,51,2,0.396
4,20,4,0.34650000000000003
4,3,3,0.429
4,67,1,0.495
4,73,4,0.22275
4,35,6,0.3795
4,27,3,0.165
4,64,1,0.495
4,5,2,0.34650000000000003
5,1,5,0.5544
5,44,3,0.3960000000000001
5,9,3,0.528
5,8,6,0.39599999999999996
5,47,5,0.5346
5,50,2,0.594
5,17,6,0.49499999999999994
5,60,5,0.47519999999999996
5,29,4,0.5445
5,41,5,0.5544
5,2,3,0.528
5,69,2,0.594
5,18,4,0.5445
5,76,2,0.297
5,13,4,0.5692499999999999
5,78,7,0.42428571428571427
5,11,5,0.3168
5,40,3,0.528
5,26,3,0.594
5,58,7,0.4667142857142857
5,21,4,0.594
5,56,4,0.4455
5,57,2,0.594
5,82,1,0.099
5,30,1,0.594
5,43,3,0.39599999999999996
5,4,3,0.594
5,54,10,0.46529999999999994
5,14,1,0.594
5,87,1,0.594
5,59,4,0.594
5,79,1,0.594
5,23,5,0.25739999999999996
5,19,3,0.594
5,0,6,0.5775
5,32,5,0.5544
5,34,3,0.594
5,45,8,0.383625
5,22,4,0.594
5,75,4,0.495
5,86,1,0.594
5,49,6,0.4784999999999999
5,12,4,0.297
5,55,1,0.594
5,16,3,0.594
5,39,5,0.47519999999999996
5,6,2,0.594
5,51,2,0.495
5,20,4,0.42074999999999996
5,3,3,0.528
5,67,2,0.5445
5,73,4,0.32175
5,35,6,0.46199999999999997
5,27,3,0.19799999999999998
5,64,2,0.5445
5,5,2,0.198
6,1,6,0.6435
6,44,3,0.49499999999999994
6,9,3,0.6269999999999999
6,8,6,0.3465
6,47,5,0.6335999999999999
6,50,2,0.693
6,17,6,0.594
6,60,5,0.5742
6,29,4,0.6435
6,41,5,0.6534
6,2,3,0.6269999999999999
6,69,1,0.693
6,18,4,0.6435
6,76,2,0.3465
6,13,3,0.66
6,78,6,0.5115
6,11,5,0.3762
6,40,3,0.6269999999999999
6,26,3,0.693
6,58,7,0.5657142857142857
6,21,3,0.693
6,56,4,0.3465
6,57,1,0.693
6,82,1,0.198
6,30,1,0.693
6,43,3,0.23099999999999998
6,4,3,0.693
6,54,9,0.484
6,14,2,0.3465
6,59,4,0.5197499999999999
6,79,1,0
6,23,5,0.198
6,19,3,0.46199999999999997
6,0,7,0.6929999999999998
6,32,5,0.6534
6,34,3,0.693
6,45,9,0.41800000000000004
6,22,4,0.693
6,75,4,0.594
6,86,1,0.693
6,49,6,0.5775
6,12,4,0.3465
6,55,1,0
6,16,3,0.693
6,39,6,0.594
6,6,3,0.693
6,51,2,0.594
6,20,4,0.495
6,3,3,0.6269999999999999
6,67,2,0.6435
6,73,4,0.42074999999999996
6,35,6,0.429
6,27,4,0.3465
6,64,2,0.6435
6,5,2,0.29700000000000004
7,1,6,0.7424999999999998
7,44,3,0.594
7,9,3,0.726
7,8,6,0.39599999999999996
7,47,5,0.49499999999999994
7,50,2,0.7919999999999999
7,17,6,0.693
7,60,5,0.5147999999999999
7,29,4,0.6435
7,41,5,0.7524
7,2,3,0.726
7,69,1,0.7919999999999999
7,18,4,0.7424999999999999
7,76,3,0.5279999999999999
7,13,3,0.7589999999999999
7,78,6,0.6104999999999999
7,11,5,0.2772
7,40,3,0.726
7,26,3,0.7919999999999999
7,58,6,0.693
7,21,3,0.7919999999999999
7,56,4,0.39599999999999996
7,57,1,0.7919999999999999
7,82,2,0.14850000000000002
7,30,1,0.7919999999999999
7,43,3,0.26399999999999996
7,4,3,0.7919999999999999
7,54,9,0.528
7,14,2,0.44549999999999995
7,59,5,0.47519999999999996
7,79,1,0
7,23,5,0.2772
7,19,4,0.594
7,0,4,0.7177499999999999
7,32,5,0.7524
7,34,3,0.7919999999999999
7,45,9,0.43999999999999995
7,22,4,0.7919999999999999
7,75,4,0.693
7,86,1,0.7919999999999999
7,49,6,0.6765
7,12,4,0.39599999999999996
7,55,1,0
7,16,3,0.5279999999999999
7,39,6,0.693
7,6,3,0.7919999999999999
7,51,2,0.297
7,20,4,0.5692499999999999
7,3,4,0.7424999999999999
7,67,1,0.693
7,73,4,0.5197499999999999
7,35,6,0.363
7,27,4,0.39599999999999996
7,64,2,0.7424999999999999
7,5,2,0.4455
8,1,6,0.8414999999999999
8,44,3,0.693
8,9,3,0.8249999999999998
8,8,6,0.44549999999999995
8,47,5,0.5742
8,50,1,0.8909999999999999
8,97,1,0.8909999999999999
8,17,6,0.7919999999999999
8,60,5,0.594
8,29,4,0.7424999999999999
8,41,6,0.858
8,2,3,0.594
8,69,1,0.8909999999999999
8,18,4,0.8414999999999999
8,76,3,0.594
8,13,3,0.594
8,78,6,0.7094999999999999
8,11,5,0.31679999999999997
8,40,3,0.8249999999999998
8,26,3,0.8909999999999999
8,58,6,0.7919999999999999
8,21,3,0.8909999999999999
8,56,4,0.44549999999999995
8,57,1,0.8909999999999999
8,82,2,0.34650000000000003
8,30,1,0.8909999999999999
8,43,3,0.297
8,4,3,0.8909999999999999
8,54,9,0.6160000000000001
8,14,2,0.5445
8,59,5,0.5346
8,79,1,0
8,23,5,0.198
8,19,4,0.6682499999999999
8,0,6,0.7589999999999999
8,32,5,0.8513999999999999
8,34,3,0.8909999999999999
8,45,8,0.42075
8,22,3,0.8909999999999999
8,75,4,0.7919999999999999
8,86,1,0.8909999999999999
8,49,6,0.8579999999999998
8,12,4,0.44549999999999995
8,55,1,0
8,16,3,0.594
8,39,6,0.7919999999999998
8,6,3,0.8909999999999999
8,51,2,0.3465
8,20,4,0.6435
8,3,4,0.81675
8,67,1,0.7919999999999999
8,73,3,0.528
8,35,6,0.4124999999999999
8,27,4,0.44549999999999995
8,64,2,0.8414999999999999
8,5,2,0.5445
9,1,6,0.9405
9,44,3,0.7919999999999999
9,9,4,0.8662499999999999
9,8,6,0.32999999999999996
9,47,5,0.47519999999999996
9,50,1,0.9899999999999999
9,97,1,0.9899999999999999
9,17,6,0.891
9,60,5,0.47519999999999996
9,29,4,0.8414999999999999
9,41,6,0.957
9,2,3,0.693
9,69,1,0.9899999999999999
9,18,4,0.9404999999999999
9,76,3,0.6599999999999999
9,13,3,0.6599999999999999
9,78,6,0.6764999999999999
9,11,5,0.19799999999999998
9,40,3,0.594
9,26,2,0.9899999999999999
9,58,6,0.891
9,21,3,0.9899999999999999
9,56,4,0.49499999999999994
9,57,1,0.9899999999999999
9,82,2,0.4455
9,30,1,0.9899999999999999
9,43,3,0.32999999999999996
9,4,3,0.9899999999999999
9,54,9,0.528
9,14,1,0.29700000000000004
9,59,5,0.594
9,79,1,0
9,23,6,0.3795
9,19,4,0.7424999999999999
9,0,5,0.8909999999999998
9,32,5,0.7524
9,34,3,0.9899999999999999
9,45,8,0.49499999999999994
9,22,3,0.9899999999999999
9,75,4,0.6435
9,86,2,0.9899999999999999
9,49,6,0.957
9,12,4,0.49499999999999994
9,55,1,0
9,16,3,0.6599999999999999
9,39,6,0.6269999999999999
9,6,2,0.9899999999999999
9,51,2,0
9,20,4,0.693
9,3,4,0.9157499999999998
9,67,1,0.8909999999999999
9,73,3,0.6269999999999999
9,35,7,0.5374285714285714
9,27,4,0.49499999999999994
9,64,2,0.9404999999999999
9,5,2,0.6435
10,1,6,0.9135
10,44,3,0.828
10,9,3,0.8609999999999999
10,8,6,0.3
10,47,5,0.17819999999999997
10,50,2,0.747
10,97,1,0.9
10,17,5,0.8568
10,60,5,0.3186
10,29,4,0.74475
10,41,6,0.8985
10,2,3,0.666
10,69,1,0.9
10,18,3,0.8969999999999999
10,76,3,0.3
10,13,3,0.633
10,78,6,0.6645
10,11,5,0
10,40,3,0.3
10,26,2,0.9
10,58,6,0.7484999999999999
10,21,3,0.93
10,56,4,0.45
10,57,1,0.9
10,82,3,0.363
10,30,1,0.9
10,43,3,0.3
10,15,1,0.9
10,4,2,0.9
10,54,10,0.6264
10,14,1,0.396
10,59,5,0.54
10,79,1,0
10,23,6,0.2985
10,19,5,0.54
10,0,3,0.9
10,32,5,0.5382
10,34,3,0.9
10,45,8,0.54675
10,22,3,0.6
10,75,4,0.44775
10,86,2,0.9
10,49,6,0.7484999999999999
10,12,4,0.225
10,55,1,0
10,16,3,0.3
10,39,6,0.49649999999999994
10,6,2,0.9
10,51,2,0
10,20,4,0.67275
10,3,4,0.9202499999999999
10,67,1,0.9899999999999999
10,73,3,0.726
10,35,7,0.3844285714285714
10,27,5,0.36
10,64,2,0.945
10,5,2,0.7424999999999999
11,1,7,0.9835714285714284
11,44,3,0.594
11,9,3,0.96
11,8,6,0.333
11,47,5,0
11,50,2,0.846
11,97,1,0.999
11,17,6,0.9630000000000001
11,60,6,0.2985
11,29,4,0.8437499999999999
11,41,6,0.9975
11,2,2,0.999
11,69,1,0.999
11,18,3,0.996
11,76,3,0.333
11,13,3,0.7320000000000001
11,78,6,0.6315000000000001
11,11,5,0
11,40,3,0
11,26,2,0.999
11,58,6,0.681
11,21,3,0.633
11,56,4,0.4995
11,82,3,0.429
11,43,3,0.333
11,15,1,0.999
11,4,2,0.999
11,54,9,0.6619999999999999
11,14,1,0.495
11,59,5,0.3996
11,79,1,0
11,23,6,0.249
11,19,5,0.5993999999999999
11,0,4,0.621
11,32,5,0.3996
11,34,3,0.999
11,45,8,0.64575
11,22,3,0.699
11,75,4,0.49724999999999997
11,86,1,0.999
11,49,6,0.6645
11,12,4,0.24975
11,55,1,0
11,89,1,0.999
11,16,3,0.333
11,39,6,0.39749999999999996
11,6,2,0.999
11,51,2,0
11,20,4,0.747
11,3,4,0.972
11,67,1,0.9
11,73,2,0.7424999999999999
11,35,7,0.2854285714285714
11,27,5,0.3996
11,64,2,0.9495
11,5,3,0.894
12,1,6,0.9165
12,44,3,0.597
12,9,3,0.93
12,8,6,0.15
12,47,5,0
12,50,2,0.846
12,97,1,0.9
12,17,6,0.7484999999999999
12,60,6,0.315
12,29,4,0.846
12,41,6,0.9
12,2,2,0.9
12,69,1,0.9
12,18,3,0.9
12,76,3,0.3
12,13,3,0.432
12,78,6,0.615
12,11,5,0
12,40,3,0
12,26,2,0.9
12,58,6,0.6495000000000001
12,21,3,0.633
12,56,4,0.45
12,82,3,0.5279999999999999
12,43,3,0.3
12,15,1,0.9
12,4,2,0.9
12,54,9,0.575
12,14,1,0.594
12,59,6,0.45
12,79,1,0
12,23,6,0.249
12,19,5,0.54
12,0,6,0.5984999999999999
12,32,5,0.18
12,34,2,0.9
12,45,7,0.5104285714285715
12,22,2,0.9
12,75,5,0.54
12,86,1,0.9
12,49,6,0.46649999999999997
12,12,4,0.225
12,55,1,0
12,89,1,0.9
12,16,3,0
12,39,6,0.414
12,6,2,0.9
12,51,2,0
12,20,4,0.675
12,3,4,0.69975
12,73,3,0.5609999999999999
12,35,7,0.1285714285714286
12,27,5,0.36
12,64,2,0.9495
12,5,3,0.894
13,1,6,0.9824999999999999
13,44,3,0.32999999999999996
13,9,2,0.9495
13,8,6,0
13,47,5,0
13,50,2,0.945
13,97,1,0.999
13,17,6,0.8475
13,60,6,0.1995
13,29,5,0.9558
13,41,5,0.999
13,2,2,0.999
13,69,1,0.999
13,18,3,0.999
13,76,3,0.333
13,13,2,0.099
13,78,6,0.5820000000000001
13,11,5,0
13,40,3,0
13,26,1,0.999
13,58,5,0.819
13,21,3,0.666
13,56,4,0.4995
13,82,3,0.6269999999999999
13,43,3,0.333
13,15,1,0.999
13,4,3,0.999
13,54,9,0.563
13,14,1,0.693
13,59,6,0.4995
13,79,1,0
13,23,7,0.2854285714285714
13,19,5,0.5993999999999999
13,0,9,0.619
13,32,5,0.1998
13,34,2,0.999
13,45,7,0.6235714285714286
13,22,2,0.999
13,75,5,0.5993999999999999
13,86,1,0.999
13,49,5,0.3996
13,12,4,0.24975
13,55,1,0
13,89,1,0.999
13,16,3,0
13,39,7,0.46799999999999997
13,6,2,0.999
13,51,2,0
13,20,4,0.4995
13,3,4,0.7245
13,73,2,0.49499999999999994
13,35,7,0.1427142857142857
13,27,5,0.3996
13,64,2,0.9495
13,5,3,0.93
14,1,7,0.7855714285714287
14,44,3,0.3
14,9,2,0.9495
14,8,6,0
14,47,6,0.15
14,50,2,0.945
14,97,1,0.9
14,17,5,0.9
14,60,6,0.04950000000000001
14,29,5,0.8981999999999999
14,41,5,0.9
14,2,2,0.9
14,69,1,0.9
14,18,4,0.9
14,76,3,0.3
14,13,2,0.2475
14,78,5,0.6192
14,11,5,0
14,40,3,0
14,26,1,0.9
14,58,5,0.7596
14,21,2,0.9495
14,56,4,0.225
14,82,3,0.726
14,43,3,0.3
14,15,1,0.9
14,4,3,0.9
14,54,9,0.53
14,14,1,0.7919999999999999
14,59,6,0.45
14,79,1,0
14,23,7,0.2571428571428572
14,19,5,0.54
14,0,8,0.4725
14,32,5,0
14,34,2,0.9
14,45,7,0.6531428571428571
14,22,2,0.549
14,75,5,0.54
14,86,1,0.9
14,49,6,0.399
14,12,4,0.225
14,55,1,0
14,89,1,0.9
14,16,3,0
14,39,7,0.3407142857142857
14,6,1,0.9
14,51,2,0
14,20,4,0.45
14,3,4,0.47475
14,73,2,0.594
14,35,8,0.162
14,27,5,0.36
14,64,2,0.9495
14,5,3,0.963
15,1,7,0.8421428571428571
15,44,3,0
15,9,3,0.798
15,8,6,0
15,47,6,0.1665
15,50,2,0.9495
15,17,5,0.999
15,60,6,0.066
15,29,5,0.9972
15,41,6,0.9314999999999999
15,2,2,0.999
15,69,1,0.999
15,18,4,0.999
15,76,3,0.333
15,13,2,0.34650000000000003
15,78,5,0.5184
15,11,5,0
15,40,3,0
15,26,1,0.999
15,58,5,0.8586
15,21,2,0.999
15,56,5,0.1998
15,57,1,0
15,82,4,0.5715
15,43,3,0
15,15,1,0.999
15,4,2,0.999
15,54,9,0.518
15,14,1,0.8909999999999999
15,59,6,0.333
15,79,1,0
15,23,7,0.2854285714285714
15,19,5,0.5993999999999999
15,0,7,0.5258571428571429
15,32,5,0
15,34,2,0.999
15,45,6,0.7274999999999999
15,22,1,0.999
15,75,5,0.3996
15,86,1,0.999
15,49,6,0.2985
15,12,4,0
15,55,1,0
15,89,1,0.999
15,16,3,0
15,39,7,0.24171428571428571
15,6,1,0.999
15,51,3,0.333
15,20,4,0.24975
15,3,4,0.47475
15,73,2,0.5985
15,35,8,0.18675
15,27,5,0.3996
15,64,1,0.9
15,5,2,0.9495
16,1,7,0.7997142857142858
16,44,3,0
16,9,3,0.831
16,8,6,0
16,47,6,0.15
16,50,3,0.798
16,17,5,0.9
16,60,6,0.0825
16,29,4,0.9
16,41,6,0.8655
16,2,2,0.9
16,18,4,0.9
16,76,3,0.3
16,13,1,0.29700000000000004
16,78,5,0.3798
16,11,5,0
16,40,3,0
16,26,1,0.9
16,58,5,0.6786000000000001
16,21,2,0.45
16,56,5,0.18
16,57,1,0.099
16,82,4,0.6975
16,43,3,0
16,15,1,0.9
16,4,2,0.9
16,54,8,0.559125
16,14,1,0.9899999999999999
16,59,6,0.3
16,79,1,0
16,23,8,0.3375
16,19,6,0.36600000000000005
16,0,6,0.6135
16,32,5,0
16,34,2,0.9
16,45,6,0.7454999999999999
16,22,1,0.9
16,75,5,0.18
16,49,6,0.282
16,12,4,0
16,55,1,0
16,89,1,0.9
16,16,3,0
16,39,7,0.11314285714285713
16,6,1,0.9
16,51,3,0.3
16,20,4,0
16,3,5,0.3186
16,73,2,0.198
16,35,8,0.18675
16,27,5,0.36
16,7,1,0.999
16,64,1,0.999
16,5,3,0.633
17,1,7,0.7277142857142856
17,44,4,0.19799999999999998
17,9,3,0.831
17,8,6,0
17,47,6,0.18300000000000002
17,50,3,0.831
17,97,1,0.999
17,17,5,0.999
17,60,6,0.11549999999999999
17,29,4,0.999
17,41,5,0.9576
17,2,2,0.999
17,18,4,0.97425
17,76,3,0.36600000000000005
17,13,1,0.29700000000000004
17,78,5,0.43920000000000003
17,11,5,0.0198
17,40,3,0.033
17,26,1,0.999
17,58,4,0.79875
17,21,2,0.4995
17,56,5,0.21960000000000002
17,57,1,0.198
17,82,3,0.6960000000000001
17,43,3,0.165
17,15,1,0.999
17,4,1,0.999
17,54,8,0.520875
17,14,1,0.9
17,59,6,0.333
17,79,1,0.099
17,23,8,0.387
17,19,6,0.432
17,0,4,0.7987500000000001
17,32,4,0
17,34,3,0.798
17,45,6,0.828
17,22,1,0.999
17,75,5,0.1998
17,49,6,0.33149999999999996
17,12,4,0.02475
17,55,1,0
17,89,2,0.747
17,16,4,0.2745
17,39,7,0.12728571428571428
17,6,1,0.999
17,51,4,0.4995
17,20,4,0
17,3,5,0.3384
17,67,1,0.594
17,73,2,0.297
17,35,8,0.09899999999999999
17,27,5,0.3996
17,7,1,0.9
17,64,1,0.9
17,5,3,0.36600000000000005
18,1,6,0.7665000000000001
18,44,3,0.26399999999999996
18,9,2,0.8955
18,8,6,0
18,47,6,0.18300000000000002
18,50,3,0.864
18,97,1,0.9
18,17,5,0.8802
18,60,6,0.1485
18,29,4,0.87525
18,41,5,0.8981999999999999
18,2,2,0.9
18,18,3,0.9
18,76,3,0.333
18,13,1,0.29700000000000004
18,78,5,0.4194
18,11,5,0.0396
18,40,2,0
18,26,1,0.9
18,58,4,0.774
18,21,2,0.45
18,56,5,0.21960000000000002
18,57,1,0.29700000000000004
18,82,4,0.5715
18,30,1,0.9
18,43,3,0.09900000000000002
18,15,1,0.9
18,4,1,0.9
18,54,8,0.5343749999999999
18,14,1,0.9
18,59,6,0.15
18,79,1,0.198
18,23,8,0.24975000000000003
18,19,5,0.4788
18,0,10,0.5787000000000001
18,32,5,0.1998
18,34,3,0.531
18,45,7,0.7251428571428572
18,22,1,0.9
18,75,5,0.18
18,49,6,0.33149999999999996
18,12,3,0
18,55,1,0.099
18,89,1,0.594
18,16,4,0.2745
18,39,7,0.15557142857142855
18,6,1,0.9
18,51,4,0.47475
18,20,4,0
18,3,4,0.44775
18,67,1,0.693
18,73,1,0.594
18,35,7,0.11314285714285713
18,27,5,0.18
18,7,1,0.999
18,64,2,0.7965
18,5,3,0.09900000000000002
19,1,8,0.7244999999999999
19,44,3,0.297
19,9,2,0.8955
19,8,6,0.0165
19,47,6,0.2325
19,50,3,0.8969999999999999
19,97,1,0.999
19,17,4,0.999
19,60,6,0.1815
19,29,3,0.999
19,41,5,0.9773999999999999
19,2,2,0.9495
19,18,3,0.999
19,76,3,0.399
19,13,1,0.29700000000000004
19,78,5,0.279
19,11,4,0
19,40,2,0
19,26,1,0.999
19,58,4,0.549
19,21,2,0.5985
19,56,4,0.24975
19,57,2,0.198
19,82,4,0.5445
19,30,1,0.999
19,43,3,0
19,15,1,0.999
19,4,1,0.999
19,54,8,0.471375
19,59,5,0.1998
19,23,7,0.2854285714285714
19,19,5,0.3384
19,0,15,0.45120000000000005
19,32,5,0.18
19,34,3,0.597
19,45,8,0.83475
19,22,1,0.9
19,75,5,0.21960000000000002
19,49,6,0.39749999999999996
19,12,3,0
19,55,1,0.198
19,89,1,0.693
19,16,4,0.24975
19,39,6,0.15
19,6,1,0.999
19,51,4,0.549
19,20,6,0.333
19,3,4,0.44775
19,67,1,0.7919999999999999
19,73,1,0.693
19,35,7,0.12728571428571428
19,27,5,0.1998
19,7,1,0.9
19,64,1,0.693
19,5,2,0.14850000000000002
20,1,8,0.675
20,44,3,0.32999999999999996
20,9,2,0.9944999999999999
20,8,6,0
20,47,5,0.19980000000000003
20,50,3,0.93
20,97,1,0.9
20,17,4,0.9
20,60,5,0.198
20,29,3,0.9
20,41,4,0.9
20,2,3,0.432
20,18,3,0.867
20,76,4,0.24975000000000003
20,13,2,0.648
20,78,5,0.01980000000000002
20,11,4,0
20,40,2,0
20,26,1,0.801
20,58,4,0.47475
20,21,1,0.9
20,56,4,0.225
20,57,2,0.4455
20,82,4,0.6187499999999999
20,30,1,0.9
20,43,3,0.033
20,15,1,0.9
20,4,2,0.6975
20,54,8,0.4725
20,38,1,0.396
20,59,5,0.18
20,23,7,0.2571428571428572
20,19,5,0.3384
20,0,16,0.4280624999999999
20,32,5,0.1998
20,34,3,0.26399999999999996
20,45,7,0.8974285714285715
20,75,4,0.225
20,49,6,0.432
20,12,3,0
20,89,2,0.846
20,16,5,0.3798
20,39,6,0.1665
20,6,1,0.9
20,51,4,0.29925
20,20,6,0.3495
20,3,4,0.24749999999999997
20,67,1,0.8909999999999999
20,73,1,0.7919999999999999
20,35,7,0.1414285714285714
20,27,5,0.1998
20,7,1,0.999
20,64,1,0.7919999999999999
20,5,2,0.198
21,1,8,0.612
21,44,3,0.333
21,9,2,0.9
21,8,6,0
21,47,6,0.333
21,50,3,0.963
21,97,1,0.999
21,17,4,0.999
21,60,5,0.2178
21,29,3,0.999
21,41,4,0.999
21,2,3,0.498
21,69,1,0.495
21,18,4,0.62325
21,76,4,0.20025
21,13,2,0.4995
21,78,6,0.06600000000000002
21,11,4,0.02475
21,40,2,0.0495
21,26,2,0.2475
21,58,4,0.24975
21,21,2,0.747
21,56,4,0.2745
21,57,2,0.5445
21,82,4,0.621
21,30,1,0.999
21,43,2,0.0495
21,15,1,0.999
21,4,2,0.7965
21,54,8,0.36000000000000004
21,38,1,0.495
21,59,5,0.21960000000000002
21,79,1,0.495
21,23,7,0.15685714285714286
21,19,5,0.19799999999999998
21,0,9,0.374
21,32,5,0.1998
21,34,3,0.297
21,45,7,0.8125714285714285
21,22,1,0.495
21,75,4,0.2745
21,49,6,0.465
21,12,3,0.033
21,89,2,0.945
21,16,5,0.3798
21,39,6,0.1665
21,6,1,0.999
21,51,3,0.033
21,20,5,0.39960000000000007
21,3,4,0.24975
21,67,1,0.9899999999999999
21,73,1,0.8909999999999999
21,35,8,0.237375
21,27,5,0.0396
21,7,2,0.648
21,64,1,0.8909999999999999
21,5,2,0.297
22,1,8,0.612
22,44,3,0.432
22,9,2,0.999
22,8,6,0
22,47,6,0.3825
22,50,3,0.9329999999999999
22,97,2,0.648
22,17,4,0.675
22,60,5,0.2394
22,29,3,0.6
22,41,4,0.9
22,2,3,0.498
22,69,1,0.594
22,18,4,0.5985
22,76,4,0.24975
22,13,2,0.45
22,78,6,0.09899999999999999
22,11,4,0.0495
22,40,2,0.099
22,26,2,0.297
22,58,4,0.225
22,21,2,0.6975
22,56,4,0.2745
22,57,2,0.594
22,82,4,0.44549999999999995
22,30,1,0.9
22,43,2,0.14850000000000002
22,15,1,0.9
22,4,2,0.7965
22,54,8,0.34875
22,38,1,0.594
22,59,6,0.132
22,79,1,0.594
22,23,8,0.2115
22,19,6,0.297
22,0,5,0.3960000000000001
22,32,5,0.2394
22,34,3,0.32999999999999996
22,45,7,0.8125714285714285
22,22,1,0.594
22,75,4,0.2745
22,49,7,0.3844285714285714
22,12,3,0.066
22,89,2,0.945
22,16,5,0.3996
22,39,6,0.04950000000000001
22,6,1,0.9
22,51,3,0.09900000000000002
22,20,5,0.43920000000000003
22,3,4,0.29925
22,67,1,0.9
22,73,1,0.9899999999999999
22,35,8,0.2745
22,27,4,0.02475
22,7,2,0.747
22,64,1,0.9899999999999999
22,5,2,0.396
23,1,8,0.52425
23,44,3,0.465
23,9,3,0.765
23,8,6,0
23,47,6,0.3495
23,50,4,0.873
23,97,2,0.747
23,17,4,0.74925
23,60,6,0.399
23,29,3,0.333
23,41,4,0.74925
23,2,3,0.23099999999999998
23,69,1,0.693
23,18,4,0.423
23,76,4,0.225
23,13,2,0.4995
23,78,6,0.1155
23,11,4,0.099
23,40,2,0.198
23,26,2,0.3465
23,58,4,0
23,21,2,0.7965
23,56,5,0.39780000000000004
23,57,2,0.693
23,82,4,0.22274999999999998
23,30,1,0.999
23,43,2,0.099
23,15,1,0.999
23,4,2,0.8955
23,54,8,0.23625
23,38,1,0.693
23,59,6,0.165
23,79,1,0.693
23,23,8,0.136125
23,19,6,0.3315000000000001
23,0,2,0.396
23,32,5,0.2592
23,34,3,0.3
23,45,7,0.6428571428571429
23,22,1,0.693
23,75,4,0.12375000000000003
23,49,7,0.3844285714285714
23,12,3,0.132
23,89,2,0.9495
23,16,5,0.43920000000000003
23,39,6,0.066
23,6,1,0.999
23,51,3,0.16500000000000004
23,20,5,0.43920000000000003
23,3,4,0.324
23,67,1,0.999
23,73,1,0.9
23,35,8,0.162
23,27,4,0.0495
23,7,1,0.594
23,64,1,0.9
23,5,2,0.495
24,1,8,0.48712500000000003
24,44,4,0.522
24,9,3,0.864
24,8,6,0
24,47,6,0.2325
24,50,4,0.648
24,97,1,0.594
24,17,4,0.45
24,60,5,0.2592
24,29,3,0.3
24,41,4,0.675
24,2,3,0.26399999999999996
24,69,1,0.7919999999999999
24,18,4,0.423
24,76,3,0.333
24,13,2,0.45
24,78,6,0.09899999999999999
24,11,4,0.14850000000000002
24,40,2,0.29700000000000004
24,26,2,0.39599999999999996
24,58,4,0
24,21,2,0.7965
24,56,5,0.43739999999999996
24,57,3,0.5279999999999999
24,82,4,0.24749999999999997
24,30,1,0.9
24,43,2,0.14850000000000002
24,15,1,0.9
24,4,2,0.8955
24,54,8,0.07425000000000001
24,38,1,0.7919999999999999
24,59,6,0.2145
24,79,1,0.7919999999999999
24,23,8,0.18562499999999998
24,19,6,0.414
24,0,3,0.297
24,32,5,0.3186
24,34,4,0.3735
24,45,7,0.5425714285714286
24,22,1,0.7919999999999999
24,75,4,0.17325000000000002
24,49,7,0.24171428571428571
24,12,3,0.231
24,89,2,0.9495
24,16,4,0.52425
24,39,6,0.132
24,6,1,0.9
24,51,3,0.264
24,20,5,0.5382
24,3,4,0.39825
24,73,1,0.999
24,35,8,0.199125
24,27,4,0.099
24,7,1,0.693
24,64,1,0.999
24,5,3,0.26399999999999996
25,1,8,0.52425
25,44,3,0.597
25,9,3,0.831
25,8,6,0.0165
25,47,6,0.216
25,50,4,0.67275
25,97,1,0.693
25,17,4,0.24975
25,60,5,0.279
25,29,3,0.333
25,41,4,0.4995
25,2,3,0.297
25,69,1,0.8909999999999999
25,18,4,0.4725
25,76,3,0.333
25,13,2,0.4995
25,78,6,0.11549999999999999
25,11,4,0.22275
25,40,2,0.4455
25,26,2,0.44549999999999995
25,58,5,0.11879999999999999
25,21,2,0.8955
25,56,5,0.5364
25,57,3,0.6269999999999999
25,82,5,0
25,43,2,0
25,4,2,0.9944999999999999
25,54,8,0.111375
25,38,1,0.8909999999999999
25,59,6,0.28049999999999997
25,79,1,0.8909999999999999
25,23,7,0.18385714285714286
25,19,5,0.4572
25,0,9,0.5070000000000001
25,32,4,0.324
25,34,4,0.3735
25,45,7,0.5425714285714286
25,22,1,0.8909999999999999
25,75,4,0.22275000000000003
25,49,7,0.26999999999999996
25,12,3,0.33
25,89,1,0.999
25,16,4,0.57375
25,39,6,0.18150000000000002
25,6,1,0.999
25,51,3,0.363
25,20,4,0.5985
25,3,3,0.432
25,73,2,0
25,35,8,0.22387500000000002
25,27,4,0.17325000000000002
25,7,1,0.7919999999999999
25,64,1,0.9
25,5,3,0.32999999999999996
26,1,8,0.42412500000000003
26,44,3,0.6960000000000001
26,9,3,0.93
26,8,6,0.033
26,47,6,0.315
26,50,4,0.6975
26,97,1,0.7919999999999999
26,17,4,0.225
26,60,5,0.35819999999999996
26,29,4,0.3735
26,41,4,0.225
26,2,4,0.39599999999999996
26,69,1,0.9899999999999999
26,18,4,0.4725
26,76,3,0.432
26,13,3,0.465
26,78,6,0.1485
26,11,3,0.19800000000000004
26,40,1,0.396
26,26,2,0.49499999999999994
26,58,5,0.1386
26,21,2,0.8955
26,56,4,0.39599999999999996
26,57,3,0.6629999999999999
26,82,5,0.0198
26,30,1,0.594
26,43,2,0.0495
26,4,1,0.9
26,54,8,0.07425000000000001
26,38,1,0.9899999999999999
26,59,5,0.31679999999999997
26,79,1,0.9899999999999999
26,23,7,0.2687142857142857
26,19,5,0.5562
26,0,11,0.5670000000000001
26,32,4,0.42300000000000004
26,34,4,0.423
26,45,7,0.5425714285714286
26,22,2,0.7919999999999999
26,75,3,0.231
26,86,1,0.9
26,49,7,0.26999999999999996
26,12,2,0.34650000000000003
26,89,1,0.9
26,16,4,0.5737500000000001
26,39,6,0.19800000000000004
26,6,1,0.9
26,51,3,0.231
26,20,4,0.6232500000000001
26,3,3,0.531
26,73,2,0.0495
26,35,7,0.22757142857142856
26,27,4,0.297
26,7,1,0.8909999999999999
26,64,1,0.999
26,5,3,0.39599999999999996
27,1,9,0.43200000000000005
27,44,3,0.729
27,9,3,0.8969999999999999
27,8,6,0.13199999999999998
27,47,5,0.378
27,50,5,0.7163999999999999
27,97,1,0.8909999999999999
27,17,4,0.24975
27,60,5,0.4176
27,29,4,0.423
27,41,4,0.24975
27,2,4,0.39825
27,69,2,0.7965
27,18,4,0.47475
27,76,3,0.36600000000000005
27,13,3,0.531
27,78,6,0.16499999999999998
27,11,3,0.297
27,40,1,0.495
27,26,2,0.45
27,58,5,0.15839999999999999
27,21,3,0.7949999999999999
27,56,4,0.495
27,57,3,0.762
27,82,5,0.0396
27,30,1,0.693
27,43,2,0.14850000000000002
27,4,1,0.999
27,54,8,0.111375
27,38,1,0.9
27,59,5,0.3762
27,79,1,0.9
27,23,7,0.3111428571428571
27,19,5,0.3168
27,0,4,0.495
27,32,4,0.27225
27,34,4,0.423
27,45,8,0.424125
27,22,2,0.7965
27,75,3,0.297
27,86,1,0.999
27,49,7,0.2712857142857143
27,12,2,0.4455
27,89,1,0.693
27,16,4,0.648
27,39,6,0.16500000000000004
27,6,1,0.999
27,51,3,0.33
27,20,5,0.657
27,3,3,0.297
27,73,2,0.099
27,35,7,0.14142857142857143
27,27,4,0.396
27,7,1,0.9899999999999999
27,64,2,0.7965
27,5,4,0.29925
28,1,9,0.31
28,44,2,0.945
28,9,3,0.996
28,8,6,0.1815
28,47,5,0.3384
28,50,5,0.7182
28,97,1,0.9899999999999999
28,17,4,0.225
28,60,5,0.5166
28,29,4,0.423
28,41,4,0.225
28,2,4,0.44775
28,69,2,0.8955
28,18,4,0.47475
28,76,3,0.432
28,13,3,0.531
28,78,6,0.15
28,11,3,0.39599999999999996
28,40,1,0.594
28,26,2,0.4995
28,58,5,0.17819999999999997
28,21,2,0.6975
28,56,4,0.54675
28,57,3,0.432
28,82,5,0.05940000000000001
28,30,1,0.7919999999999999
28,43,2,0.198
28,4,1,0.9
28,54,8,0.07425000000000001
28,38,1,0.999
28,59,5,0.43740000000000007
28,79,1,0.999
28,23,7,0.198
28,19,5,0.35819999999999996
28,0,5,0.47519999999999996
28,32,4,0.34650000000000003
28,34,4,0.4725
28,45,8,0.311625
28,22,2,0.8955
28,75,3,0.39599999999999996
28,86,1,0.9
28,49,7,0.2712857142857143
28,12,2,0.5445
28,89,1,0.7919999999999999
28,16,3,0.765
28,39,6,0.24749999999999997
28,6,1,0
28,51,3,0.429
28,20,5,0.6174
28,3,3,0.3960000000000001
28,73,2,0.14850000000000002
28,35,8,0.25987499999999997
28,27,4,0.4455
28,7,1,0.9
28,64,2,0.8955
28,5,4,0.17325000000000002
29,1,9,0.365
29,44,2,0.945
29,9,3,0.9
29,8,6,0.231
29,47,5,0.2592
29,50,5,0.7578
29,97,1,0.9
29,17,4,0
29,60,4,0.522
29,29,4,0.4725
29,41,4,0.24975
29,2,4,0.44775
29,69,2,0.8955
29,18,4,0.47475
29,76,3,0.3
29,13,3,0.597
29,78,6,0.1665
29,11,3,0.528
29,26,2,0.45
29,58,5,0.19799999999999998
29,21,2,0.7965
29,56,3,0.597
29,57,3,0.165
29,82,5,0.0792
29,30,1,0.8909999999999999
29,43,1,0.198
29,15,1,0.594
29,4,1,0.999
29,54,8,0.099
29,38,1,0.9
29,59,4,0.47250000000000003
29,79,1,0.9
29,23,6,0.2145
29,19,5,0.3186
29,0,13,0.6549230769230767
29,32,4,0.42074999999999996
29,34,4,0.4725
29,45,8,0.34875
29,22,2,0.8955
29,75,2,0.396
29,86,1,0.999
29,49,8,0.311625
29,12,1,0.495
29,55,1,0
29,89,1,0.8909999999999999
29,16,3,0.798
29,39,6,0.297
29,6,1,0
29,51,2,0.4455
29,20,5,0.6768
29,3,2,0.396
29,73,2,0.198
29,35,8,0.210375
29,27,3,0.49499999999999994
29,7,1,0.495
29,64,2,0.8955
29,5,4,0.198
30,1,9,0.365
30,44,2,0.9495
30,9,3,0.666
30,8,6,0.297
30,47,5,0.3186
30,50,5,0.558
30,97,2,0.8955
30,17,4,0
30,60,4,0.621
30,29,4,0.4725
30,41,4,0.225
30,2,4,0.49724999999999997
30,69,2,0.9944999999999999
30,18,4,0.47475
30,76,4,0.47250000000000003
30,13,3,0.597
30,78,7,0.21342857142857144
30,11,3,0.6269999999999999
30,26,2,0.4995
30,58,5,0.18
30,21,2,0.7965
30,56,3,0.63
30,57,4,0.39825
30,82,5,0.099
30,30,1,0.9899999999999999
30,43,2,0.5445
30,15,1,0.693
30,4,2,0.846
30,54,8,0.0495
30,38,1,0.7919999999999999
30,59,5,0.5957999999999999
30,79,2,0.8955
30,23,7,0.3535714285714286
30,19,6,0.43049999999999994
30,0,3,0.693
30,32,3,0.429
30,34,5,0.5184
30,45,8,0.336375
30,22,2,0.9944999999999999
30,75,2,0.495
30,86,1,0.9
30,49,8,0.324
30,12,1,0.594
30,55,1,0.099
30,89,1,0.9899999999999999
30,16,3,0.831
30,39,6,0.165
30,6,1,0
30,51,2,0.5445
30,20,5,0.6372
30,3,2,0.495
30,73,2,0.2475
30,35,8,0.19799999999999998
30,27,3,0.594
30,7,1,0.594
30,64,2,0.9944999999999999
30,5,4,0.27225
31,1,9,0.377
31,44,3,0.831
31,9,3,0.6
31,8,6,0.29850000000000004
31,47,5,0.07920000000000002
31,50,5,0.5796
31,97,1,0.8909999999999999
31,17,4,0
31,60,4,0.47250000000000003
31,29,4,0.47475
31,41,4,0.24975
31,2,4,0.45
31,69,2,0.9
31,18,5,0.558
31,76,4,0.522
31,13,3,0.6629999999999999
31,78,7,0.24171428571428571
31,11,3,0.693
31,26,2,0.45
31,58,5,0.1998
31,21,2,0.8955
31,56,3,0.729
31,57,4,0.39825
31,82,5,0.11879999999999999
31,30,1,0.9
31,43,2,0.6435
31,15,1,0.7919999999999999
31,4,2,0.945
31,54,8,0.061875
31,38,1,0.8909999999999999
31,14,1,0
31,59,5,0.6948000000000001
31,79,2,0.8955
31,23,7,0.4101428571428571
31,19,6,0.414
31,0,1,0.693
31,32,3,0.528
31,34,5,0.5382
31,45,8,0.3735
31,22,2,0.9
31,75,2,0.594
31,86,1,0.999
31,49,8,0.2115
31,12,1,0.693
31,55,1,0.198
31,89,1,0.9
31,16,3,0.762
31,39,6,0.1665
31,6,1,0
31,51,2,0.2475
31,20,5,0.6588
31,3,2,0.594
31,73,2,0.297
31,35,8,0.27225
31,27,3,0.63
31,7,1,0.693
31,64,2,0.9
31,5,4,0.32175
32,1,9,0.34400000000000003
32,44,2,0.7965
32,9,3,0.666
32,8,5,0.35819999999999996
32,47,5,0.15840000000000004
32,50,5,0.5598
32,97,1,0.9899999999999999
32,17,4,0
32,60,4,0.396
32,29,4,0.24975
32,41,4,0.225
32,2,4,0.4995
32,69,2,0.999
32,18,5,0.5778
32,76,4,0.621
32,13,4,0.648
32,78,7,0.24171428571428571
32,11,2,0.7919999999999999
32,26,2,0.4995
32,58,5,0.18
32,21,2,0.8955
32,56,3,0.498
32,57,4,0.44775
32,82,5,0.1386
32,30,1,0.999
32,43,2,0.7424999999999999
32,15,1,0.8909999999999999
32,4,2,0.945
32,54,8,0
32,38,1,0.9899999999999999
32,14,1,0.099
32,59,4,0.6975
32,79,2,0.9944999999999999
32,23,6,0.4455
32,19,6,0.3960000000000001
32,0,9,0.7599999999999999
32,32,2,0.5445
32,34,5,0.558
32,45,8,0.3375
32,22,2,0.999
32,75,2,0.693
32,86,1,0.9
32,49,8,0.23625
32,55,1,0.29700000000000004
32,89,1,0.999
32,16,3,0.6629999999999999
32,39,6,0.2325
32,6,1,0
32,51,2,0.3465
32,20,4,0.34875
32,3,1,0.594
32,73,2,0.3465
32,35,8,0.33525
32,27,3,0.729
32,7,1,0.7919999999999999
32,64,2,0.999
32,5,4,0.37124999999999997
33,1,10,0.2484
33,44,2,0.8955
33,9,3,0.6
33,8,5,0.378
33,47,5,0.1386
33,50,5,0.5796
33,97,1,0.9
33,17,4,0
33,60,4,0.297
33,29,5,0.36
33,41,4,0.24975
33,2,5,0.5382
33,69,2,0.9
33,18,5,0.36
33,76,3,0.432
33,13,4,0.72225
33,78,7,0.26999999999999996
33,11,2,0.7965
33,26,2,0.45
33,58,5,0.1998
33,21,2,0.9944999999999999
33,56,3,0.333
33,57,4,0.44775
33,82,5,0
33,30,1,0.9
33,43,1,0.9
33,15,1,0.9899999999999999
33,4,2,0.9495
33,54,8,0
33,38,1,0.9
33,14,1,0.198
33,59,4,0.7965
33,79,2,0.9
33,23,6,0.5444999999999999
33,19,5,0.47700000000000004
33,0,8,0.606375
33,32,2,0.6435
33,34,5,0.5778
33,45,8,0.349875
33,22,3,0.93
33,75,1,0.693
33,49,8,0.23625
33,55,2,0.648
33,89,2,0.8955
33,16,4,0.67275
33,39,6,0.216
33,6,2,0.3465
33,51,2,0.4455
33,20,4,0.37350000000000005
33,3,1,0.693
33,73,3,0.26399999999999996
33,35,7,0.32657142857142857
33,27,2,0.747
33,7,1,0.8909999999999999
33,64,1,0.9
33,5,4,0.42074999999999996
34,1,10,0.2484
34,44,2,0.8955
34,9,3,0.666
34,8,6,0.447
34,47,5,0.198
34,50,5,0.5598
34,97,1,0.999
34,17,4,0
34,60,4,0.32175
34,29,5,0.3996
34,41,5,0.1386
34,2,5,0.5976
34,69,2,0.999
34,18,5,0.3996
34,76,3,0.531
34,13,4,0.6975
34,78,7,0.26999999999999996
34,11,2,0.8955
34,26,2,0.4995
34,58,5,0.18
34,21,2,0.9
34,56,3,0.333
34,57,4,0.44549999999999995
34,82,5,0
34,30,1,0.999
34,43,1,0.999
34,15,1,0.9
34,4,1,0.999
34,54,8,0
34,38,1,0.999
34,14,1,0.29700000000000004
34,59,4,0.6705
34,79,2,0.999
34,23,6,0.4635
34,19,5,0.4572
34,0,4,0.4455
34,32,2,0.7424999999999999
34,34,5,0.5598
34,45,7,0
34,22,3,0.996
34,75,1,0.7919999999999999
34,49,8,0.237375
34,55,2,0.4455
34,89,2,0.9944999999999999
34,16,4,0.522
34,39,6,0.282
34,6,2,0.39599999999999996
34,51,2,0.5445
34,20,4,0.3735
34,3,1,0.7919999999999999
34,73,3,0.32999999999999996
34,35,8,0.284625
34,27,3,0.894
34,7,1,0.9899999999999999
34,64,2,0.7965
34,5,4,0.47024999999999995
35,1,10,0.18
35,44,2,0.9944999999999999
35,9,3,0.6
35,8,6,0.3825
35,47,4,0.04950000000000003
35,50,5,0.5796
35,97,1,0.9
35,17,4,0
35,60,4,0.22275
35,29,5,0.36
35,41,5,0.15839999999999999
35,2,5,0.54
35,69,2,0.9
35,18,5,0.36
35,76,3,0.399
35,13,4,0.7245
35,78,7,0.2712857142857143
35,11,1,0.9
35,40,1,0
35,26,2,0.45
35,58,5,0.1998
35,21,3,0.864
35,56,3,0.399
35,57,4,0.22274999999999998
35,82,5,0
35,30,1,0
35,43,1,0.9
35,15,1,0.999
35,4,1,0.9
35,54,8,0
35,38,1,0.9
35,14,1,0.396
35,59,4,0.54675
35,79,2,0.9
35,23,6,0.5295
35,19,5,0.378
35,0,7,0.6788571428571428
35,32,1,0.7919999999999999
35,34,5,0.5796
35,45,8,0.07425
35,22,3,0.9
35,49,8,0.237375
35,55,2,0.5445
35,89,1,0.9
35,16,4,0.52425
35,39,6,0.33149999999999996
35,6,2,0.44549999999999995
35,51,1,0.8909999999999999
35,20,5,0.2988
35,73,3,0.39599999999999996
35,35,8,0.32175000000000004
35,27,3,0.6
35,7,1,0.9
35,64,2,0.7965
35,5,4,0
36,1,10,0.1998
36,44,2,0.9
36,9,3,0.333
36,8,6,0.315
36,47,4,0.14850000000000002
36,50,5,0.3798
36,97,2,0.9944999999999999
36,17,4,0
36,60,4,0.198
36,29,5,0.3996
36,41,5,0.17819999999999997
36,2,5,0.5993999999999999
36,69,2,0.999
36,18,5,0.3996
36,76,3,0.333
36,13,4,0.69975
36,78,7,0.2712857142857143
36,11,1,0.999
36,40,1,0.099
36,26,2,0.4995
36,58,5,0.18
36,21,3,0.531
36,56,3,0.19800000000000004
36,57,4,0
36,82,5,0
36,30,1,0.099
36,43,1,0.999
36,15,1,0.9
36,4,2,0.9944999999999999
36,54,8,0
36,38,1,0.999
36,14,1,0.495
36,59,4,0.59625
36,79,2,0.999
36,23,6,0.579
36,19,5,0.43740000000000007
36,0,4,0.47025000000000006
36,32,1,0.8909999999999999
36,34,5,0.5598
36,45,8,0.086625
36,22,3,0.999
36,49,8,0.237375
36,55,2,0.594
36,89,1,0.999
36,16,5,0.6965999999999999
36,39,5,0.13860000000000003
36,6,2,0.49499999999999994
36,51,1,0.9899999999999999
36,20,5,0.35819999999999996
36,73,3,0.399
36,35,8,0.372375
36,27,4,0.747
36,7,1,0.999
36,64,2,0.8955
36,5,4,0
37,1,10,0.1899
37,44,2,0.999
37,9,3,0.333
37,8,6,0.3645
37,47,4,0.12375000000000003
37,50,5,0.3996
37,97,2,0.9
37,17,4,0.02475
37,60,4,0.22275000000000003
37,29,5,0.36
37,41,5,0.2178
37,2,5,0.5598000000000001
37,69,2,0.9
37,18,5,0.3798
37,76,3,0.333
37,13,4,0.74925
37,78,7,0.2854285714285714
37,11,1,0.9
37,40,1,0.198
37,26,2,0.45
37,58,5,0.21960000000000002
37,21,2,0.8955
37,56,2,0.04950000000000003
37,57,4,0
37,82,5,0
37,30,1,0.198
37,43,2,0.747
37,15,1,0.999
37,4,2,0.9
37,54,8,0
37,38,1,0.9
37,14,1,0.594
37,59,5,0.4968
37,79,1,0.9
37,23,6,0.49649999999999994
37,19,4,0.39825
37,0,8,0.42187499999999994
37,32,1,0.8909999999999999
37,34,5,0.4194
37,45,8,0.11137499999999999
37,22,3,0.9
37,49,8,0.199125
37,55,2,0.693
37,89,1,0.9
37,16,4,0.74925
37,39,5,0.17820000000000003
37,6,1,0.9
37,51,1,0.801
37,20,5,0.378
37,73,4,0.12375
37,35,8,0.3228750000000001
37,27,4,0.69975
37,64,2,0.8955
37,5,4,0.02475
38,1,10,0.21960000000000002
38,44,2,0.9
38,9,3,0.399
38,8,6,0.34800000000000003
38,47,4,0.198
38,50,5,0.4194
38,97,1,0.999
38,17,5,0.1782
38,60,4,0.22275000000000003
38,29,5,0.3996
38,41,5,0.21960000000000002
38,2,5,0.639
38,69,2,0.999
38,18,5,0.43920000000000003
38,76,3,0.399
38,13,4,0.74925
38,78,8,0.223875
38,11,1,0.999
38,40,1,0.29700000000000004
38,26,3,0.666
38,58,5,0.21960000000000002
38,21,2,0.8955
38,56,2,0.04950000000000003
38,57,5,0
38,82,5,0
38,30,1,0
38,43,2,0.846
38,15,1,0.9
38,4,2,0.999
38,54,8,0
38,14,1,0.693
38,59,5,0.3978
38,79,1,0.999
38,23,6,0.4785
38,19,4,0.47250000000000003
38,0,8,0.33412500000000006
38,32,1,0
38,34,5,0.39960000000000007
38,45,7,0.12728571428571428
38,22,3,0.999
38,49,8,0.199125
38,55,2,0.7919999999999999
38,89,1,0.999
38,16,4,0.74925
38,39,5,0.07920000000000002
38,6,1,0.999
38,20,5,0.4572
38,73,3,0.297
38,35,8,0.261
38,27,4,0.7987500000000001
38,64,2,0.9944999999999999
38,5,5,0.0396
39,1,10,0.21960000000000002
39,44,2,0.9495
39,9,3,0.4320000000000001
39,8,5,0.2592
39,47,4,0.17325000000000002
39,50,7,0.48342857142857143
39,97,1,0.9
39,17,4,0.19799999999999998
39,60,4,0.198
39,29,5,0.3798
39,41,5,0.279
39,2,5,0.5993999999999999
39,69,2,0.9
39,18,5,0.43920000000000003
39,76,3,0.333
39,13,4,0.873
39,78,7,0.22757142857142856
39,11,1,0.9
39,40,1,0.396
39,26,3,0.666
39,58,4,0.24975
39,21,2,0.9944999999999999
39,56,2,0.04950000000000003
39,57,5,0.0198
39,82,5,0
39,30,1,0.099
39,43,2,0.846
39,15,1,0.999
39,4,2,0.9
39,54,8,0
39,14,1,0.7919999999999999
39,59,4,0.4725
39,79,1,0.9
39,23,7,0.42428571428571427
39,19,4,0.522
39,0,11,0.30600000000000005
39,32,1,0.099
39,34,4,0.4995
39,45,7,0.1414285714285714
39,22,2,0.9
39,49,8,0.223875
39,55,2,0.8909999999999999
39,89,1,0.9
39,16,4,0.675
39,39,5,0.13860000000000003
39,6,1,0.9
39,20,5,0.43739999999999996
39,73,3,0.33
39,35,8,0.23512500000000003
39,27,4,0.7492500000000001
39,64,2,0.9
39,5,5,0.09900000000000002
40,1,9,0.12200000000000001
40,44,1,0.9
40,9,2,0.549
40,8,5,0.2988
40,47,4,0.12375000000000001
40,50,6,0.5475
40,97,1,0.999
40,17,4,0.22274999999999998
40,60,4,0.17325
40,29,5,0.43920000000000003
40,41,4,0.22500000000000003
40,2,4,0.74925
40,69,2,0.999
40,18,4,0.24975000000000003
40,76,3,0.399
40,13,4,0.8482500000000001
40,78,7,0.25585714285714284
40,11,1,0.999
40,40,1,0.495
40,26,3,0.699
40,58,4,0.225
40,21,2,0.9
40,56,2,0.04950000000000003
40,57,5,0.05940000000000001
40,82,6,0
40,30,1,0.198
40,43,2,0.945
40,15,1,0.9
40,4,2,0.999
40,54,8,0.012375
40,14,1,0.8909999999999999
40,59,4,0.4725
40,79,1,0.999
40,23,8,0.358875
40,19,4,0.522
40,0,18,0.39049999999999996
40,32,1,0.198
40,34,4,0.45
40,45,7,0.1285714285714286
40,22,2,0.999
40,49,8,0.223875
40,55,2,0.846
40,16,4,0.74925
40,39,5,0.23760000000000003
40,6,1,0.999
40,20,5,0.18000000000000002
40,3,1,0.9
40,73,3,0.39599999999999996
40,35,8,0.16087500000000002
40,27,3,0.999
40,64,1,0.999
40,5,4,0.04950000000000002
41,1,9,0.133
41,44,2,0.747
41,9,2,0.549
41,8,5,0.3186
41,47,4,0.099
41,50,6,0.414
41,97,1,0.9
41,17,4,0.27225
41,60,4,0.17325
41,29,4,0.47475
41,41,4,0.29925
41,2,4,0.47475
41,69,2,0.9
41,18,4,0.24975000000000003
41,76,3,0.3
41,13,3,0.8969999999999999
41,78,7,0.26999999999999996
41,11,1,0.9
41,40,1,0.594
41,26,3,0.7320000000000001
41,58,4,0.2745
41,21,3,0.831
41,56,2,0.09900000000000003
41,57,4,0.07425000000000001
41,82,5,0.0198
41,43,2,0.945
41,15,1,0.999
41,4,2,0.9
41,54,9,0.07700000000000001
41,14,1,0.9899999999999999
41,59,4,0.32175
41,79,2,0.6975
41,23,8,0.42074999999999996
41,19,4,0.19800000000000004
41,0,13,0.45000000000000007
41,32,1,0
41,34,4,0.52425
41,45,7,0.15685714285714286
41,22,3,0.765
41,49,8,0.261
41,55,2,0.35100000000000003
41,89,2,0.4455
41,16,4,0.675
41,39,5,0.1386
41,6,2,0.747
41,20,5,0.1998
41,3,1,0.999
41,73,4,0.4455
41,35,8,0.13612500000000002
41,27,3,0.9
41,64,2,0.6975
41,5,4,0.09900000000000002
42,1,10,0.21870000000000003
42,44,2,0.747
42,9,2,0.648
42,8,5,0.2394
42,47,5,0.11879999999999999
42,50,6,0.48000000000000004
42,97,1,0.999
42,17,4,0.2745
42,60,4,0.19799999999999998
42,29,5,0.5382
42,41,5,0.49860000000000004
42,2,5,0.558
42,69,2,0.999
42,18,4,0.324
42,76,3,0.333
42,13,3,0.93
42,78,7,0.3124285714285714
42,11,1,0.999
42,40,1,0.693
42,26,2,0.9495
42,58,4,0.2745
42,21,3,0.798
42,56,2,0.049500000000000016
42,57,4,0.12375
42,82,5,0.05940000000000001
42,43,2,0.9495
42,15,1,0.9
42,4,2,0.999
42,54,8,0.086625
42,38,1,0.594
42,14,1,0.9
42,59,4,0.2745
42,79,2,0.7965
42,23,8,0.21037499999999998
42,19,4,0.198
42,0,5,0.3168
42,32,1,0
42,34,4,0.4995
42,45,7,0.171
42,22,3,0.864
42,86,1,0.594
42,49,8,0.262125
42,55,2,0
42,89,2,0.5445
42,16,4,0.74925
42,39,5,0.09900000000000002
42,6,2,0.846
42,20,6,0.249
42,3,1,0.9
42,73,4,0.5445
42,35,9,0.15400000000000003
42,27,3,0.666
42,7,1,0.594
42,64,2,0.7965
42,5,4,0.12375000000000001
43,1,10,0.21870000000000003
43,44,2,0.846
43,9,2,0.29700000000000004
43,8,5,0.0792
43,47,5,0.1386
43,50,6,0.363
43,17,4,0.34875
43,60,4,0.22274999999999998
43,29,5,0.558
43,41,5,0.4788
43,2,5,0.5778000000000001
43,69,1,0.9
43,18,4,0.29925
43,76,3,0
43,13,3,0.963
43,78,7,0.3137142857142857
43,11,1,0.9
43,40,1,0.7919999999999999
43,26,2,0.648
43,58,4,0.099
43,21,3,0.8969999999999999
43,56,2,0.09900000000000002
43,57,4,0.17325000000000002
43,82,6,0.09900000000000002
43,43,2,0.9495
43,15,1,0.999
43,4,1,0.9
43,54,8,0.111375
43,38,1,0.693
43,14,1,0.999
43,59,5,0.3582
43,79,2,0.7965
43,23,8,0.23512499999999997
43,19,4,0.099
43,0,5,0.5976
43,32,1,0
43,34,4,0.34875
43,45,7,0.21342857142857144
43,22,2,0.7965
43,86,1,0.693
43,49,8,0.18675000000000003
43,55,2,0
43,89,2,0.6435
43,16,5,0.639
43,39,5,0.1386
43,6,2,0.846
43,20,6,0.282
43,3,1,0.999
43,73,5,0.5147999999999999
43,35,9,0.143
43,27,3,0.6
43,7,1,0.693
43,64,2,0.7965
43,5,4,0.17325000000000002
44,1,10,0.2781
44,44,2,0.846
44,9,2,0.396
44,8,6,0.2655
44,47,5,0.15839999999999999
44,50,6,0.429
44,17,4,0.2745
44,60,4,0.24749999999999997
44,29,5,0.657
44,41,5,0.49860000000000004
44,2,5,0.6768
44,69,1,0.999
44,18,4,0.39825000000000005
44,76,3,0
44,13,3,0.9329999999999999
44,78,7,0.3702857142857143
44,11,1,0.999
44,40,1,0.8909999999999999
44,26,2,0.45
44,58,4,0.14850000000000002
44,21,3,0.864
44,56,2,0.14850000000000002
44,57,4,0.2475
44,82,6,0.132
44,43,2,0.9495
44,15,1,0.9
44,4,1,0.999
44,54,8,0.1485
44,38,1,0.7919999999999999
44,59,5,0.3186
44,79,2,0.8955
44,23,8,0.223875
44,19,4,0
44,0,2,0.648
44,32,1,0
44,34,5,0.4986
44,45,7,0.24171428571428574
44,22,2,0.8955
44,86,1,0.7919999999999999
44,49,9,0.254
44,55,2,0
44,89,2,0.7424999999999999
44,16,5,0.7182000000000001
44,39,5,0.1782
44,6,2,0.945
44,20,6,0.282
44,3,1,0.9
44,73,5,0.6354
44,35,9,0.132
44,27,4,0.648
44,7,1,0.7919999999999999
44,64,2,0.8955
44,5,4,0.2475
45,1,9,0.20899999999999996
45,44,2,0.945
45,9,1,0.396
45,8,6,0.216
45,47,5,0.17819999999999997
45,50,5,0.47519999999999996
45,17,4,0.37350000000000005
45,60,4,0.225
45,29,4,0.72225
45,41,5,0.43920000000000003
45,2,5,0.6966
45,69,1,0.9
45,18,4,0.34875
45,76,3,0
45,13,3,0.9660000000000001
45,78,8,0.28575
45,11,1,0
45,40,1,0.9899999999999999
45,26,2,0.4995
45,58,3,0.132
45,21,3,0.963
45,56,2,0
45,57,4,0.34650000000000003
45,82,6,0.21450000000000002
45,43,2,0.4995
45,15,2,0.4995
45,4,1,0.9
45,54,8,0.136125
45,38,1,0.8909999999999999
45,59,5,0.378
45,79,2,0.44549999999999995
45,23,8,0.24862499999999998
45,19,4,0
45,0,7,0.5374285714285715
45,32,1,0
45,34,5,0.558
45,45,6,0.28200000000000003
45,22,2,0.8955
45,86,1,0.8909999999999999
45,49,9,0.29800000000000004
45,55,2,0
45,89,2,0.8414999999999999
45,16,5,0.4986
45,39,5,0.099
45,6,2,0.945
45,20,6,0.315
45,3,1,0.999
45,73,4,0.61875
45,35,9,0.16499999999999998
45,27,4,0.62325
45,7,1,0.8909999999999999
45,64,2,0.8955
45,5,4,0.22275
46,1,9,0.25299999999999995
46,44,2,0.49499999999999994
46,9,1,0.495
46,8,6,0.1995
46,47,5,0.19799999999999998
46,50,5,0.5742
46,17,4,0.42300000000000004
46,60,4,0.24975
46,29,4,0.6457499999999999
46,41,5,0.43920000000000003
46,2,4,0.6705
46,69,1,0.999
46,18,4,0.44775
46,76,3,0
46,13,3,0.9329999999999999
46,78,7,0.3124285714285714
46,11,2,0.3465
46,40,1,0.9
46,26,2,0.4995
46,58,3,0.19800000000000004
46,21,3,0.93
46,56,2,0
46,57,3,0.429
46,82,6,0.297
46,43,2,0.45
46,15,2,0.45
46,4,2,0.846
46,54,8,0.18562499999999998
46,38,1,0.9899999999999999
46,59,5,0.3978
46,79,2,0.49499999999999994
46,23,8,0.225
46,19,4,0
46,0,9,0.594
46,32,1,0
46,34,4,0.62325
46,45,6,0.29850000000000004
46,22,2,0.9944999999999999
46,75,1,0.594
46,86,1,0.9899999999999999
46,49,8,0.298125
46,55,2,0
46,89,2,0.8414999999999999
46,16,5,0.35819999999999996
46,39,5,0.11879999999999999
46,6,2,0.9495
46,20,6,0.315
46,3,1,0.9
46,73,4,0.6705
46,35,9,0.143
46,27,4,0.6975
46,7,1,0.9899999999999999
46,64,2,0.9944999999999999
46,5,4,0.297
47,1,9,0.24300000000000002
47,44,2,0.45
47,9,2,0.6435
47,8,6,0.216
47,47,5,0.18
47,50,5,0.5147999999999999
47,17,4,0.34875
47,60,4,0.225
47,29,5,0.6948
47,41,4,0.549
47,2,4,0.67275
47,69,2,0.7965
47,18,3,0.399
47,76,3,0
47,13,3,0.9660000000000001
47,78,7,0.35485714285714287
47,11,2,0.3465
47,40,1,0.999
47,26,1,0.999
47,58,3,0.297
47,21,3,0.9660000000000001
47,56,2,0
47,57,3,0.231
47,82,6,0.0825
47,30,1,0.693
47,43,3,0.564
47,15,2,0.4995
47,4,2,0.846
47,54,8,0.21150000000000002
47,38,1,0.9
47,59,5,0.35819999999999996
47,79,2,0.45
47,23,8,0.24975
47,19,4,0
47,0,7,0.4808571428571428
47,32,1,0
47,34,4,0.44775
47,45,6,0.3645
47,22,2,0.9
47,75,1,0.693
47,86,2,0.846
47,49,8,0.372375
47,55,2,0
47,89,2,0.8414999999999999
47,16,5,0.35819999999999996
47,39,5,0
47,6,2,0.9495
47,51,1,0
47,20,6,0.15
47,3,1,0.999
47,73,4,0.47024999999999995
47,35,9,0.14400000000000002
47,27,4,0.44775
47,7,1,0.9
47,64,1,0.9
47,5,3,0.09900000000000003
48,1,9,0.29800000000000004
48,44,2,0.4995
48,9,2,0.39599999999999996
48,8,6,0.2655
48,47,5,0.1998
48,50,5,0.5184
48,17,3,0.36600000000000005
48,60,4,0.24975
48,29,5,0.7362
48,41,4,0.549
48,2,4,0.747
48,69,2,0.8955
48,18,3,0.465
48,76,3,0
48,13,2,0.9495
48,78,7,0.4255714285714286
48,11,2,0.39599999999999996
48,40,1,0.9
48,26,2,0.846
48,58,4,0.47025000000000006
48,21,3,0.9329999999999999
48,56,2,0
48,57,3,0.33
48,82,6,0.09900000000000002
48,30,1,0.7919999999999999
48,43,3,0.531
48,15,2,0.45
48,4,2,0.945
48,54,8,0.22387500000000002
48,38,2,0.8955
48,59,5,0.35819999999999996
48,79,2,0.4995
48,23,8,0.1125
48,19,4,0
48,0,7,0.5824285714285714
48,32,1,0
48,34,4,0.54675
48,45,6,0.4140000000000001
48,22,1,0.999
48,75,1,0.7919999999999999
48,86,2,0.945
48,49,8,0.36
48,55,2,0
48,89,2,0.8414999999999999
48,16,5,0.19799999999999998
48,39,5,0
48,6,2,0.9495
48,51,1,0.099
48,20,6,0.1665
48,3,1,0.9
48,73,4,0.44549999999999995
48,35,9,0.111
48,27,4,0.49724999999999997
48,7,1,0.999
48,64,1,0.999
48,5,3,0.16500000000000004
49,1,8,0.298125
49,44,2,0.45
49,9,2,0.44549999999999995
49,8,6,0.216
49,47,6,0.249
49,50,5,0.6174000000000001
49,17,3,0.49800000000000005
49,60,4,0
49,29,4,0.82125
49,41,5,0.7182000000000001
49,2,3,0.765
49,69,1,0.8909999999999999
49,18,3,0.19800000000000004
49,76,3,0
49,13,2,0.9495
49,78,7,0.48214285714285715
49,11,2,0.44549999999999995
49,40,1,0.999
49,26,2,0.945
49,58,3,0.5609999999999999
49,21,3,0.9660000000000001
49,56,2,0
49,57,2,0.34650000000000003
49,82,7,0.14142857142857143
49,30,1,0.8909999999999999
49,43,3,0.597
49,15,2,0.4995
49,4,1,0.9899999999999999
49,54,8,0.23625000000000002
49,38,2,0.8955
49,59,5,0.19799999999999998
49,79,2,0.45
49,23,8,0
49,19,4,0
49,0,9,0.705
49,32,1,0
49,34,4,0.648
49,45,5,0.25739999999999996
49,22,1,0.9
49,75,1,0.8909999999999999
49,86,2,0.945
49,49,8,0.421875
49,55,2,0
49,89,2,0.8414999999999999
49,16,5,0.18
49,39,5,0
49,6,3,0.831
49,51,1,0.198
49,20,7,0.21342857142857144
49,3,1,0.999
49,73,4,0.4725
49,35,9,0
49,27,5,0.2592
49,7,1,0.9
49,64,1,0.9
49,5,3,0.231
50,1,8,0.372375
50,44,2,0.4995
50,9,2,0.5445
50,8,6,0.1995
50,47,6,0.282
50,50,5,0.558
50,97,1,0.999
50,17,3,0.531
50,60,5,0.1998
50,29,4,0.87075
50,41,5,0.6984
50,2,4,0.87075
50,69,1,0.9899999999999999
50,18,3,0.297
50,76,3,0
50,13,2,0.9495
50,78,6,0.5459999999999999
50,11,2,0.49499999999999994
50,40,1,0.9
50,26,2,0.945
50,58,3,0.6269999999999999
50,21,2,0.9495
50,56,2,0
50,57,2,0.4455
50,82,7,0.1272857142857143
50,30,1,0.9899999999999999
50,43,3,0.597
50,15,2,0.45
50,4,1,0.9
50,54,7,0.28414285714285714
50,38,1,0.9899999999999999
50,14,1,0
50,59,6,0.2655
50,79,3,0.597
50,23,9,0.09899999999999999
50,19,4,0
50,0,3,0.6960000000000001
50,32,1,0
50,34,4,0.747
50,45,5,0.3168
50,22,1,0.999
50,75,1,0.9899999999999999
50,86,2,0.9495
50,49,8,0.23625000000000002
50,55,3,0
50,89,1,0.594
50,16,6,0.2985
50,39,6,0.13199999999999998
50,6,3,0.864
50,51,2,0.14850000000000002
50,20,7,0.24171428571428571
50,3,1,0.9
50,73,4,0.52425
50,35,9,0
50,27,5,0.2988
50,64,2,0.8955
50,5,3,0.33
51,1,8,0.33525
51,44,2,0.45
51,9,2,0.549
51,8,6,0.1995
51,47,6,0.282
51,50,5,0.558
51,97,1,0.9
51,17,3,0.63
51,60,5,0.18
51,29,4,0.69975
51,41,4,0.8482500000000001
51,2,4,0.6975
51,69,1,0.9
51,18,2,0.29700000000000004
51,76,3,0
51,13,2,0.9495
51,78,6,0.5640000000000001
51,11,2,0.45
51,40,1,0.999
51,26,2,0.9495
51,58,3,0.726
51,21,2,0.9495
51,56,2,0
51,57,2,0.495
51,82,6,0.1155
51,30,1,0.9
51,43,3,0.6629999999999999
51,15,2,0.4995
51,4,1,0.999
51,54,7,0.2982857142857143
51,38,1,0.9
51,14,1,0.099
51,59,6,0.2985
51,79,3,0.597
51,23,9,0.10999999999999999
51,19,5,0.1998
51,0,6,0.49499999999999994
51,32,1,0
51,34,4,0.747
51,45,5,0.396
51,22,1,0.9
51,75,1,0.9
51,86,1,0.999
51,49,8,0.322875
51,55,3,0.033
51,89,1,0.693
51,16,6,0.2985
51,39,6,0.1485
51,6,3,0.8969999999999999
51,51,2,0.34650000000000003
51,20,7,0.24171428571428571
51,3,2,0.945
51,73,3,0.399
51,35,9,0
51,27,5,0.2988
51,64,2,0.8955
51,5,3,0.49800000000000005
52,1,8,0.40950000000000003
52,44,2,0.4995
52,9,1,0.999
52,8,6,0.2325
52,47,6,0.315
52,50,4,0.67275
52,97,1,0.999
52,17,3,0.6960000000000001
52,60,5,0.1998
52,29,4,0.7245
52,41,4,0.7987500000000001
52,2,4,0.74925
52,69,1,0.999
52,18,2,0.396
52,76,3,0
52,13,2,0.9495
52,78,6,0.381
52,11,2,0.4995
52,40,1,0.9
52,26,2,0.9495
52,58,2,0.747
52,21,2,0.9495
52,56,2,0
52,57,2,0.594
52,82,6,0.19800000000000004
52,30,1,0.999
52,43,3,0.3
52,15,2,0.45
52,4,1,0.9
52,54,7,0.2982857142857143
52,38,1,0.999
52,14,1,0.198
52,59,6,0.2985
52,79,3,0.6629999999999999
52,23,9,0.1
52,19,5,0.18
52,0,9,0.594
52,32,1,0
52,34,3,0.864
52,45,4,0.396
52,22,1,0.999
52,75,1,0.999
52,86,1,0.9
52,49,9,0.353
52,55,3,0.066
52,89,1,0.7919999999999999
52,16,6,0.33149999999999996
52,39,6,0.16499999999999998
52,6,3,0.93
52,51,2,0.4455
52,20,7,0.26999999999999996
52,3,2,0.945
52,73,3,0.132
52,35,9,0
52,27,5,0.3384
52,7,1,0.693
52,64,2,0.9944999999999999
52,5,3,0.597
53,1,8,0.25987499999999997
53,44,2,0.45
53,9,1,0.9
53,8,6,0.04950000000000001
53,47,6,0.16499999999999998
53,50,4,0.549
53,97,1,0.9
53,17,3,0.7949999999999999
53,60,5,0.18
53,29,5,0.5778000000000001
53,41,4,0.747
53,2,3,0.9329999999999999
53,69,2,0.945
53,18,2,0.495
53,76,4,0.17325
53,13,1,0.999
53,78,7,0.45385714285714285
53,11,2,0.45
53,40,1,0
53,26,2,0.9495
53,58,2,0.846
53,21,2,0.9495
53,56,2,0
53,57,1,0.594
53,82,6,0.21450000000000002
53,30,1,0.9
53,43,3,0.333
53,15,2,0.4995
53,4,1,0.999
53,54,7,0.28414285714285714
53,38,1,0.9
53,14,1,0.29700000000000004
53,59,6,0.33149999999999996
53,79,3,0.6
53,23,9,0.111
53,19,5,0.1998
53,0,6,0.612
53,32,1,0
53,34,3,0.831
53,45,5,0.5544
53,22,1,0.9
53,75,2,0.6975
53,86,1,0.999
53,49,9,0.375
53,55,3,0.09900000000000002
53,89,1,0.8909999999999999
53,16,6,0.3
53,39,6,0.15
53,6,3,0.963
53,51,2,0.5445
53,20,7,0.1414285714285714
53,3,2,0.9495
53,73,3,0.066
53,35,9,0
53,27,5,0.3384
53,7,1,0.7919999999999999
53,64,2,0.9
53,5,3,0.63
54,1,8,0.358875
54,44,2,0.4995
54,9,2,0.9944999999999999
54,8,6,0
54,47,6,0.15
54,50,4,0.5985
54,97,1,0.999
54,17,3,0.828
54,60,5,0.1998
54,29,4,0.747
54,41,5,0.6588
54,2,3,0.633
54,69,2,0.9495
54,18,1,0.495
54,76,4,0.19799999999999998
54,13,1,0.9
54,78,7,0.5387142857142857
54,11,3,0.498
54,40,1,0
54,26,2,0.9495
54,58,3,0.8609999999999999
54,21,2,0.9495
54,56,2,0
54,57,1,0.693
54,82,5,0.15840000000000004
54,30,1,0.999
54,43,3,0.3
54,15,2,0.45
54,4,1,0.9
54,54,7,0.2982857142857143
54,38,1,0.999
54,14,1,0.396
54,59,6,0.3
54,79,3,0.666
54,23,9,0.1
54,19,5,0.18
54,0,6,0.462
54,32,1,0
54,34,3,0.93
54,45,5,0.6534
54,22,1,0.999
54,75,2,0.7965
54,86,1,0.594
54,49,8,0.40950000000000003
54,55,3,0.132
54,89,1,0.9899999999999999
54,16,6,0.1665
54,39,6,0.1665
54,6,3,0.9329999999999999
54,51,3,0.429
54,20,7,0.1285714285714286
54,3,2,0.9495
54,73,3,0.09900000000000002
54,35,9,0
54,27,5,0.378
54,7,1,0.8909999999999999
54,64,2,0.999
54,5,2,0.747
55,1,7,0.3535714285714286
55,44,2,0.45
55,9,2,0.9
55,8,6,0
55,47,6,0.1665
55,50,4,0.4995
55,97,1,0.9
55,17,2,0.9944999999999999
55,60,5,0.18
55,29,4,0.7492500000000001
55,41,5,0.7182000000000001
55,2,3,0.633
55,69,2,0.9495
55,18,1,0.594
55,76,4,0.22274999999999998
55,13,1,0.999
55,78,7,0.49628571428571433
55,11,3,0.498
55,40,2,0
55,26,2,0.9495
55,58,2,0.9944999999999999
55,21,2,0.9495
55,56,2,0
55,82,5,0.21780000000000005
55,43,3,0.333
55,15,2,0.4995
55,4,1,0.999
55,54,7,0.21342857142857147
55,14,1,0.495
55,59,6,0.1665
55,79,3,0.6
55,23,9,0.111
55,19,5,0.1998
55,0,10,0.6839999999999999
55,32,1,0
55,34,3,0.8969999999999999
55,45,4,0.693
55,22,1,0.9
55,75,2,0.7965
55,86,1,0.693
55,49,8,0.38475000000000004
55,55,3,0.165
55,89,1,0.9
55,16,6,0.15
55,39,7,0.18514285714285714
55,6,2,0.999
55,51,3,0.5279999999999999
55,20,8,0.223875
55,3,2,0.45
55,73,4,0.324
55,35,9,0
55,27,5,0.378
55,7,1,0.9899999999999999
55,64,1,0.9
55,5,3,0.498
56,1,7,0.3394285714285714
56,44,2,0
56,9,3,0.996
56,8,6,0
56,47,6,0.15
56,50,4,0.47475
56,97,1,0.999
56,17,2,0.9
56,60,5,0.1998
56,29,4,0.79875
56,41,5,0.5598
56,2,3,0.633
56,69,3,0.9329999999999999
56,18,1,0.693
56,76,4,0.24749999999999997
56,13,1,0.9
56,78,6,0.6285
56,11,3,0.564
56,40,2,0.0495
56,26,2,0.9495
56,58,2,0.9
56,21,2,0.9495
56,56,3,0.333
56,82,5,0.1782
56,43,4,0.3735
56,15,2,0.45
56,4,1,0.9
56,54,7,0.38442857142857145
56,14,1,0.594
56,59,7,0.25585714285714284
56,79,3,0.333
56,23,9,0.1
56,19,5,0.18
56,0,4,0.56925
56,32,2,0.297
56,34,2,0.999
56,45,4,0.7447499999999999
56,22,1,0.999
56,75,2,0.8955
56,86,1,0.7919999999999999
56,49,8,0.36
56,55,3,0.19799999999999998
56,89,2,0.945
56,16,7,0.1992857142857143
56,39,7,0.21342857142857144
56,6,3,0.8969999999999999
56,51,3,0.6269999999999999
56,20,8,0.223875
56,3,2,0.4995
56,73,3,0.5640000000000001
56,35,9,0
56,27,5,0.18
56,7,1,0.9
56,64,1,0.999
56,5,3,0.597
57,1,7,0.43842857142857145
57,44,2,0
57,9,3,0.9
57,8,6,0
57,47,6,0.18300000000000002
57,50,4,0.52425
57,17,2,0.999
57,60,5,0.18
57,29,4,0.69975
57,41,5,0.5993999999999999
57,2,4,0.62325
57,69,3,0.9660000000000001
57,76,3,0.3
57,13,1,0.999
57,78,6,0.6779999999999999
57,11,3,0.597
57,40,2,0.14850000000000002
57,26,2,0.9495
57,58,2,0.999
57,21,2,0.747
57,56,2,0.45
57,82,5,0.23760000000000003
57,43,4,0.423
57,15,2,0.549
57,4,1,0.999
57,54,7,0.16971428571428573
57,14,1,0.693
57,59,7,0.28414285714285714
57,79,4,0.49950000000000006
57,23,9,0.011000000000000001
57,19,5,0.1998
57,0,10,0.5553
57,32,2,0.3465
57,34,2,0.9
57,45,3,0.7949999999999999
57,22,1,0.9
57,75,2,0.8955
57,86,1,0.8909999999999999
57,49,7,0.41271428571428576
57,55,4,0.17325
57,89,2,0.945
57,16,7,0.1992857142857143
57,39,7,0.21342857142857144
57,6,3,0.996
57,51,3,0.726
57,20,7,0.28414285714285714
57,3,2,0.45
57,73,2,0.549
57,35,8,0
57,27,5,0.21960000000000002
57,7,1,0.999
57,64,1,0.9
57,5,3,0.63
58,1,6,0.39599999999999996
58,44,2,0.0495
58,9,3,0.999
58,8,6,0
58,47,6,0.18300000000000002
58,50,4,0.5737500000000001
58,17,2,0.8505
58,60,5,0.1998
58,29,4,0.7245
58,41,5,0.54
58,2,4,0.648
58,69,3,0.9329999999999999
58,76,3,0.333
58,13,1,0.9
58,78,6,0.6285
58,11,3,0.6960000000000001
58,40,2,0.24750000000000003
58,26,2,0.9495
58,58,2,0.9
58,21,2,0.846
58,56,2,0.4995
58,82,5,0.1782
58,43,4,0.44775
58,15,1,0.9
58,4,1,0.9
58,54,6,0.19800000000000004
58,14,1,0.7919999999999999
58,59,7,0.2712857142857143
58,79,3,0.666
58,23,10,0.09899999999999999
58,19,5,0.36
58,0,12,0.4875
58,32,2,0.39599999999999996
58,34,2,0.999
58,45,3,0.828
58,22,1,0.999
58,75,2,0.9944999999999999
58,86,1,0.9899999999999999
58,49,7,0.3702857142857143
58,55,4,0.2475
58,89,1,0.9
58,16,7,0.24171428571428574
58,39,7,0.25585714285714284
58,6,3,0.9
58,51,3,0.729
58,20,8,0.336375
58,3,3,0.498
58,73,2,0.5985
58,35,8,0
58,27,5,0.21960000000000002
58,7,1,0.9
58,64,1,0.999
58,5,3,0.432
59,1,6,0.34650000000000003
59,44,2,0.099
59,9,3,0.9
59,8,6,0
59,47,6,0.06600000000000002
59,50,5,0.4986
59,17,2,0.9
59,60,5,0.0198
59,29,4,0.69975
59,41,5,0.5993999999999999
59,2,4,0.6975
59,69,4,0.9742500000000001
59,76,3,0.3
59,13,1,0.9
59,78,6,0.44849999999999995
59,11,2,0.945
59,40,1,0.396
59,26,2,0.9
59,58,2,0.999
59,21,3,0.762
59,56,2,0.45
59,82,6,0.2145
59,43,4,0.522
59,15,1,0.9
59,4,1,0.594
59,54,6,0.14850000000000005
59,14,1,0.8909999999999999
59,59,7,0.3137142857142857
59,79,3,0.6
59,23,10,0.0999
59,19,5,0.3996
59,0,9,0.31900000000000006
59,32,2,0.44549999999999995
59,34,2,0.9
59,45,3,0.9269999999999999
59,22,1,0.9
59,75,3,0.798
59,86,1,0.9
59,49,7,0.21342857142857147
59,55,3,0.066
59,89,1,0.999
59,16,7,0.25585714285714284
59,39,6,0.282
59,6,3,0.999
59,51,3,0.165
59,20,9,0.30899999999999994
59,3,3,0.498
59,73,2,0.549
59,35,8,0
59,27,5,0.2592
59,7,1,0.9899999999999999
59,64,1,0.9
59,5,3,0.465
60,1,6,0.24749999999999997
60,44,2,0.19800000000000004
60,9,3,0.999
60,8,6,0
60,47,6,-0.01649999999999999
60,50,5,0.15839999999999999
60,17,1,0.9
60,60,5,0.0396
60,29,4,0.74925
60,41,5,0.54
60,2,4,0.747
60,69,4,0.9247500000000001
60,76,3,0.333
60,78,6,0.3165
60,11,2,0.9495
60,40,1,0.495
60,26,3,0.597
60,58,2,0.9
60,21,3,0.8609999999999999
60,56,2,0.4995
60,82,6,0.18150000000000002
60,43,3,0.63
60,15,1,0
60,4,1,0.693
60,54,6,0.09900000000000003
60,14,1,0.9899999999999999
60,59,7,0.1285714285714286
60,79,3,0.666
60,23,10,0.1197
60,19,5,0.36
60,0,11,0.5702727272727273
60,32,2,0.5445
60,34,2,0.999
60,45,4,0.747
60,22,1,0.999
60,75,3,0.8969999999999999
60,86,2,0.6975
60,49,8,0.3105
60,55,3,0.09900000000000002
60,89,1,0.9
60,16,6,0.1485
60,39,6,0.1485
60,6,3,0.9
60,51,3,0.19799999999999998
60,20,9,0.299
60,3,3,0.597
60,73,2,0.4995
60,35,8,0
60,27,4,0.22500000000000003
60,7,1,0.9
60,64,1,0.999
60,5,2,0.4455
61,1,6,0.2145
61,44,1,0.19800000000000004
61,9,3,0.9
61,8,6,0
61,47,6,0
61,50,5,0.17819999999999997
61,17,1,0.999
61,60,5,0.0792
61,29,4,0.69975
61,41,6,0.666
61,2,4,0.72225
61,69,4,0.97425
61,18,1,0.495
61,76,4,0.4995
61,78,6,0.3
61,11,2,0.9495
61,40,1,0.594
61,26,3,0.531
61,58,2,0.999
61,21,3,0.894
61,56,2,0.4995
61,82,6,0.1815
61,43,3,0.333
61,15,1,0
61,4,1,0.7919999999999999
61,54,6,0.016500000000000015
61,38,1,0.495
61,14,1,0.9
61,59,7,0.1427142857142857
61,79,3,0.633
61,23,9,0.111
61,19,5,0.4194
61,0,8,0.44662500000000005
61,32,1,0.9
61,34,2,0.9
61,45,4,0.59625
61,22,1,0.9
61,75,3,0.864
61,86,2,0.6975
61,49,8,0.33525
61,55,3,0.19799999999999998
61,89,1,0.999
61,16,6,0.23099999999999998
61,39,6,0.1815
61,6,4,0.999
61,51,3,0.23099999999999998
61,20,9,0.33299999999999996
61,3,3,0.63
61,73,2,0.45
61,35,8,0.012375
61,27,4,0.049500000000000016
61,7,1,0.999
61,64,2,0.6975
61,5,2,0.5445
62,1,6,0.297
62,44,1,0.29700000000000004
62,9,3,0.999
62,8,6,0.0165
62,47,5,0.0198
62,50,5,0.19799999999999998
62,17,1,0.9
62,60,4,0.07425000000000001
62,29,4,0.7245
62,41,7,0.5284285714285714
62,2,4,0.69975
62,69,4,0.92475
62,18,1,0.594
62,76,4,0.52425
62,13,1,0.594
62,78,6,0.1665
62,11,2,0.45
62,40,1,0.693
62,26,3,0.597
62,58,2,0.9
62,21,3,0.93
62,56,3,0.5640000000000001
62,82,7,0.11314285714285714
62,43,3,0.633
62,15,1,0
62,4,1,0.8909999999999999
62,54,6,0.04950000000000002
62,38,1,0.594
62,14,1,0.999
62,59,7,0.1427142857142857
62,79,3,0.7320000000000001
62,23,9,0.133
62,19,5,0.2394
62,0,7,0.42557142857142866
62,32,2,0.747
62,34,3,0.864
62,45,4,0.57375
62,22,1,0.999
62,75,2,0.945
62,86,1,0.594
62,49,8,0.3105
62,55,3,0.231
62,89,1,0.9
62,16,6,0.3135
62,39,6,0.18300000000000002
62,6,4,0.675
62,51,3,0.297
62,20,9,0.34400000000000003
62,3,2,0.945
62,73,2,0.4995
62,35,8,0.037125000000000005
62,27,4,0.12375000000000003
62,7,1,0.9
62,64,2,0.7965
62,5,2,0.594
63,1,6,0.13200000000000003
63,44,1,0.396
63,9,3,0.9
63,8,6,0.033
63,47,5,0.0396
63,50,5,0.18
63,97,1,0.9
63,17,1,0.999
63,60,4,0.12375000000000003
63,29,5,0.4788
63,41,7,0.5425714285714286
63,2,4,0.4995
63,69,4,0.9742500000000001
63,18,1,0.693
63,76,4,0.5985
63,13,1,0.693
63,78,6,0.15
63,11,2,0.4995
63,40,1,0.7919999999999999
63,26,3,0.597
63,58,2,0.999
63,21,3,0.6629999999999999
63,56,3,0.597
63,82,7,0.1697142857142857
63,43,2,0.549
63,15,1,0
63,4,1,0.9899999999999999
63,54,6,0.016500000000000015
63,38,1,0.693
63,14,2,0
63,59,7,0.171
63,79,3,0.699
63,23,9,0.14400000000000002
63,19,5,0.2988
63,0,7,0.43971428571428567
63,32,2,0.747
63,34,3,0.831
63,45,4,0.39825
63,22,2,0.2475
63,75,2,0.945
63,86,1,0.693
63,49,8,0.33525
63,55,3,0.297
63,16,5,0.33659999999999995
63,39,6,0.24900000000000003
63,6,4,0.74925
63,51,2,0
63,20,9,0.42100000000000004
63,3,2,0.945
63,73,3,0
63,35,8,0.06187500000000001
63,27,4,0.198
63,7,1,0.999
63,64,1,0.693
63,5,2,0.693
64,1,6,0.18150000000000002
64,44,1,0.999
64,9,3,0.999
64,8,6,0.066
64,47,5,0.0792
64,50,5,0.1998
64,97,1,0.999
64,17,1,0.9
64,60,4,0.17325000000000002
64,29,5,0.5382
64,41,7,0.5142857142857143
64,2,5,0.45899999999999996
64,69,4,0.92475
64,18,1,0.7919999999999999
64,76,4,0.648
64,13,1,0.7919999999999999
64,78,6,0.18300000000000002
64,11,2,0.4995
64,40,1,0.8909999999999999
64,26,3,0.6629999999999999
64,58,2,0.9
64,21,3,0.6
64,56,3,0.6960000000000001
64,82,7,0.11314285714285714
64,43,2,0.648
64,15,1,0.099
64,4,1,0.9
64,54,6,0.09900000000000002
64,38,1,0.7919999999999999
64,14,2,0.0495
64,59,7,0.22757142857142856
64,79,3,0.5640000000000001
64,23,9,0.18800000000000003
64,19,5,0.33840000000000003
64,0,5,0.396
64,32,2,0.846
64,34,3,0.93
64,45,4,0.39825
64,22,2,0.297
64,75,2,0.9495
64,86,1,0.7919999999999999
64,49,8,0.4095
64,55,3,0.39599999999999996
64,16,6,0.39749999999999996
64,39,6,0.28200000000000003
64,6,4,0.675
64,51,2,0.0495
64,20,9,0.31
64,3,2,0.9495
64,73,3,0.033
64,35,8,0.08662500000000001
64,27,4,0.24750000000000003
64,7,1,0.9
64,64,1,0.7919999999999999
64,5,2,0.7919999999999999
65,1,6,0.11550000000000003
65,44,1,0.9
65,9,3,0.9
65,8,5,0.05940000000000001
65,47,5,0.11880000000000002
65,50,6,0.216
65,97,1,0.9
65,17,1,0.999
65,60,4,0.14850000000000002
65,29,5,0.5184
65,41,7,0.5425714285714286
65,2,5,0.5184
65,69,4,0.9742500000000001
65,18,1,0.8909999999999999
65,76,4,0.6975
65,13,1,0.8909999999999999
65,78,6,0.18300000000000002
65,11,2,0.5985
65,40,1,0.9899999999999999
65,26,3,0.6
65,58,2,0.999
65,21,3,0.666
65,56,3,0.729
65,57,1,0
65,82,7,0.14142857142857143
65,43,2,0.648
65,15,2,0.4455
65,4,1,0.999
65,54,6,0.1815
65,38,1,0.8909999999999999
65,14,2,0.099
65,59,7,0.12728571428571428
65,79,2,0.648
65,23,8,0.07425000000000001
65,19,4,0.39825
65,0,7,0.495
65,32,2,0.846
65,34,3,0.597
65,45,4,0.44775
65,22,2,0.3465
65,75,2,0.9495
65,86,1,0.8909999999999999
65,49,9,0.24300000000000002
65,55,3,0.33
65,16,6,0.48
65,39,6,0.1155
65,6,4,0.74925
65,51,2,0.099
65,20,9,0.28700000000000003
65,3,2,0.9495
65,73,3,0.066
65,35,8,0.099
65,27,3,0.264
65,64,1,0.8909999999999999
65,5,2,0.8909999999999999
66,1,6,0.132
66,44,1,0.999
66,9,3,0.999
66,8,5,0.07920000000000002
66,47,5,0.1782
66,50,6,0.249
66,97,1,0.999
66,17,2,0.747
66,60,4,0.12375000000000003
66,29,5,0.5778
66,41,7,0.5142857142857143
66,2,5,0.4986
66,69,4,0.92475
66,18,1,0.9899999999999999
66,76,3,0.531
66,13,1,0.9899999999999999
66,78,6,0.2325
66,11,2,0.5985
66,40,1,0.9
66,26,4,0.648
66,58,2,0.9
66,21,3,0.6
66,56,2,0.945
66,57,1,0.099
66,82,7,0.07071428571428572
66,43,2,0.747
66,15,1,0.7919999999999999
66,4,1,0.9
66,54,6,0.11550000000000003
66,38,1,0.9899999999999999
66,14,2,0.14850000000000002
66,59,7,0.198
66,79,3,0.729
66,23,8,0.12375000000000001
66,19,4,0.4725
66,0,7,0.5374285714285714
66,32,2,0.945
66,34,3,0.6629999999999999
66,45,4,0.44775
66,22,2,0.39599999999999996
66,75,2,0.9495
66,86,1,0.9899999999999999
66,49,9,0.232
66,55,3,0.16500000000000004
66,89,1,0.495
66,16,6,0.49649999999999994
66,39,6,0.1485
66,6,4,0.675
66,51,2,0.198
66,20,8,0.14850000000000002
66,3,2,0.45
66,73,3,0.09900000000000002
66,35,8,0.17325000000000002
66,27,3,0.363
66,64,1,0.9899999999999999
66,5,2,0.8955
67,1,6,0.09900000000000002
67,44,1,0.9
67,9,4,0.8482500000000001
67,8,5,0.1584
67,47,4,0.17325000000000002
67,50,6,0.249
67,97,1,0.9
67,17,2,0.846
67,60,4,0.099
67,29,5,0.378
67,41,7,0.4281428571428571
67,2,5,0.558
67,69,4,0.97425
67,18,1,0.9
67,76,3,0.597
67,13,1,0.9
67,78,6,0.18300000000000002
67,11,1,0.999
67,40,1,0.999
67,26,4,0.62325
67,58,2,0.999
67,21,3,0.666
67,56,2,0.945
67,57,1,0.198
67,82,7,0
67,43,2,0.747
67,15,1,0.8909999999999999
67,4,1,0.999
67,54,6,0.14850000000000002
67,38,1,0.9
67,14,2,0.198
67,59,7,0.2404285714285714
67,79,2,0.846
67,23,9,0.121
67,19,5,0.6155999999999999
67,0,9,0.572
67,32,2,0.945
67,34,3,0.6
67,45,4,0.49724999999999997
67,22,2,0.44549999999999995
67,75,3,0.864
67,86,1,0.9
67,49,9,0.265
67,55,3,0.264
67,89,1,0.594
67,16,5,0.5166000000000001
67,39,6,0.049500000000000016
67,6,5,0.7182000000000001
67,51,2,0.29700000000000004
67,20,7,0.14142857142857146
67,3,2,0.549
67,73,3,0.132
67,35,8,0.21037499999999998
67,27,2,0.396
67,64,1,0.9
67,5,2,0.9944999999999999
68,1,6,0.04950000000000001
68,44,1,0.999
68,9,4,0.6975
68,8,5,0.09900000000000002
68,47,5,0.3564
68,50,6,0.282
68,97,1,0.999
68,17,2,0.846
68,60,4,0.19800000000000004
68,29,5,0.3798
68,41,7,0.38571428571428573
68,2,5,0.5382
68,69,4,0.675
68,18,1,0.999
68,76,3,0.432
68,13,2,0.8955
68,78,6,0.1665
68,11,1,0.9
68,40,1,0.9
68,26,4,0.44775
68,58,2,0.9
68,21,3,0.6
68,56,2,0.9495
68,57,1,0.29700000000000004
68,82,7,0
68,43,1,0.999
68,15,1,0.9899999999999999
68,4,1,0.9
68,54,6,0.14850000000000002
68,38,1,0.999
68,14,2,0.2475
68,59,7,0.3111428571428571
68,79,2,0.945
68,23,10,0.2871
68,19,5,0.5166
68,0,5,0.5742
68,32,2,0.9495
68,34,4,0.67275
68,45,4,0.45
68,22,2,0.49499999999999994
68,75,3,0.8969999999999999
68,86,2,0.747
68,49,9,0.32
68,55,2,0.29700000000000004
68,89,1,0.693
68,16,5,0.41580000000000006
68,39,6,0.11550000000000003
68,6,5,0.6786
68,51,1,0.29700000000000004
68,20,7,0.15557142857142855
68,3,2,0.549
68,67,1,0.693
68,73,3,0.165
68,35,8,0.27225
68,27,2,0.495
68,64,2,0.7965
68,5,2,0.45
69,1,6,0.066
69,44,1,0.9
69,9,4,0.67275
69,8,5,0.07920000000000002
69,47,5,0.4356
69,50,6,0.282
69,97,1,0.9
69,17,2,0.945
69,60,4,0.198
69,29,5,0.3798
69,41,8,0.473625
69,2,5,0.3978
69,69,4,0.74925
69,18,2,0.747
69,76,3,0.36600000000000005
69,13,2,0.8955
69,78,6,0.15
69,11,1,0.999
69,40,2,0.4995
69,26,4,0.44775
69,58,2,0.4995
69,21,3,0.666
69,56,3,0.831
69,57,1,0.396
69,82,7,0
69,43,1,0.9
69,15,1,0.9
69,4,1,0.999
69,54,6,0.19800000000000004
69,14,2,0.297
69,59,6,0.28200000000000003
69,79,2,0.945
69,23,9,0.264
69,19,5,0.477
69,0,8,0.570375
69,32,2,0.9495
69,34,4,0.423
69,45,4,0.4995
69,22,2,0.45
69,75,2,0.945
69,86,1,0.594
69,49,9,0.276
69,55,2,0.396
69,89,1,0.7919999999999999
69,16,5,0.5147999999999999
69,39,5,0.07920000000000002
69,6,5,0.7578
69,51,1,0.396
69,20,7,0.21214285714285713
69,3,2,0.8955
69,67,1,0.7919999999999999
69,73,3,0.19799999999999998
69,35,7,0.25457142857142856
69,27,2,0.594
69,64,2,0.7965
69,5,2,0
70,1,6,0
70,44,1,0.999
70,9,4,0.747
70,8,5,0.1584
70,47,5,0.41579999999999995
70,50,6,0.315
70,97,1,0.999
70,17,2,0.945
70,60,4,0.17325000000000002
70,29,5,0.3798
70,41,8,0.4365
70,2,5,0.36
70,69,4,0.675
70,18,2,0.846
70,76,3,0.36600000000000005
70,13,2,0.9944999999999999
70,78,6,0.1665
70,40,2,0.4995
70,26,4,0.49724999999999997
70,58,2,0.45
70,21,3,0.6
70,56,3,0.831
70,57,1,0.495
70,82,7,0
70,43,2,0.846
70,15,1,0.999
70,4,1,0.9
70,54,6,0
70,14,2,0.3465
70,59,6,0.36450000000000005
70,79,2,0.9495
70,23,8,0.334125
70,19,5,0.297
70,0,7,0.6235714285714286
70,32,2,0.9495
70,34,4,0.4725
70,45,4,0.423
70,22,3,0.597
70,75,2,0.945
70,86,1,0.693
70,49,9,0.254
70,12,1,0
70,55,1,0.396
70,89,1,0.8909999999999999
70,16,4,0.5692499999999999
70,39,5,0.09900000000000002
70,6,5,0.5382
70,51,1,0.495
70,20,7,0.1697142857142857
70,3,2,0.8955
70,67,1,0.8909999999999999
70,73,3,0.23099999999999998
70,35,7,0.2982857142857143
70,27,2,0.693
70,64,2,0.8955
70,5,2,0
71,1,6,0
71,44,1,0.9
71,9,4,0.675
71,8,5,0.1386
71,47,5,0.4572
71,50,6,0.315
71,97,1,0.9
71,17,2,0.9495
71,60,4,0.17325000000000002
71,29,5,0.1998
71,41,8,0.486
71,2,6,0.4155
71,69,4,0.74925
71,18,2,0.846
71,76,3,0.63
71,13,2,0.9
71,78,6,0
71,40,2,0.5985
71,26,4,0.45
71,58,2,0.4995
71,21,3,0.666
71,56,2,0.846
71,57,1,0.594
71,82,7,0
71,43,1,0.7919999999999999
71,15,2,0.8955
71,4,1,0.999
71,54,7,0.08485714285714285
71,14,2,0.39599999999999996
71,59,7,0.35485714285714287
71,79,2,0.9495
71,23,8,0.38475000000000004
71,19,4,0.27225
71,0,6,0.6974999999999999
71,32,2,0.7965
71,34,4,0.4725
71,45,4,0.4725
71,22,3,0.597
71,75,2,0.9495
71,86,1,0.7919999999999999
71,49,9,0.26499999999999996
71,12,1,0.099
71,55,1,0.495
71,89,1,0.9899999999999999
71,16,4,0.5962500000000001
71,39,5,0.09900000000000002
71,6,5,0.5976
71,51,1,0.594
71,20,7,0.14142857142857143
71,3,2,0.9944999999999999
71,67,1,0.9899999999999999
71,73,3,0.26399999999999996
71,35,7,0.4114285714285715
71,27,2,0.846
71,64,2,0.8955
71,5,2,0
72,1,6,0
72,44,1,0.999
72,9,4,0.74925
72,8,5,0.21780000000000005
72,47,5,0.3978
72,50,6,0.3165
72,97,1,0.999
72,17,2,0.9495
72,60,4,0.24750000000000003
72,29,5,0.18
72,41,9,0.422
72,2,6,0.399
72,69,5,0.7398
72,18,2,0.945
72,76,3,0.6629999999999999
72,13,2,0.999
72,78,6,0
72,40,3,0.399
72,26,4,0.4995
72,58,2,0.45
72,21,3,0.6
72,56,2,0.846
72,57,1,0.693
72,82,7,0
72,30,1,0.999
72,43,1,0.8909999999999999
72,15,2,0.9944999999999999
72,54,7,0.09899999999999999
72,14,2,0.44549999999999995
72,59,7,0.19799999999999998
72,79,1,0.9
72,23,7,0.3831428571428571
72,19,4,0.324
72,0,4,0.6705
72,32,2,0.7965
72,34,5,0.5778
72,45,4,0.24749999999999997
72,22,3,0.6629999999999999
72,75,2,0.9495
72,86,1,0.8909999999999999
72,49,9,0.27699999999999997
72,12,1,0.198
72,55,1,0.594
72,89,1,0.9
72,16,4,0.6952499999999999
72,39,5,0.17820000000000005
72,6,5,0.54
72,51,1,0.693
72,20,7,0.14142857142857143
72,3,2,0.9
72,67,1,0.9
72,73,3,0.297
72,35,7,0.28285714285714286
72,27,2,0.846
72,64,2,0.9944999999999999
72,5,2,0
73,1,6,0
73,44,1,0.9
73,9,4,0.675
73,8,4,0.14850000000000002
73,47,5,0.33840000000000003
73,50,6,0.3165
73,97,1,0.9
73,17,3,0.798
73,60,4,0.198
73,29,5,0.1998
73,41,9,0.41100000000000003
73,2,6,0.44849999999999995
73,69,5,0.5796
73,18,2,0.945
73,76,3,0.762
73,13,2,0.9
73,78,6,0
73,40,2,0.34650000000000003
73,26,4,0.45
73,58,2,0.4995
73,21,3,0.666
73,56,2,0.945
73,57,1,0.7919999999999999
73,82,7,0
73,30,1,0.9
73,43,1,0.9899999999999999
73,15,2,0.9
73,54,7,0.11314285714285713
73,14,2,0.49499999999999994
73,59,7,0.2687142857142857
73,79,1,0.999
73,23,7,0.48214285714285715
73,19,5,0.4968
73,0,7,0.6942857142857142
73,32,2,0.8955
73,34,5,0.5598
73,45,4,0.225
73,22,3,0.6
73,75,2,0.9495
73,86,1,0.9899999999999999
73,49,9,0.211
73,12,1,0.29700000000000004
73,55,1,0.693
73,89,1,0.999
73,16,3,0.6960000000000001
73,39,5,0.23760000000000003
73,6,5,0.5993999999999999
73,20,6,0.19800000000000004
73,3,3,0.9660000000000001
73,67,1,0.999
73,73,3,0.32999999999999996
73,35,6,0.264
73,27,2,0.945
73,64,2,0.9
73,5,2,0
74,1,6,0
74,44,1,0.999
74,9,4,0.4995
74,8,4,0.198
74,47,5,0.5364
74,50,6,0.3165
74,97,1,0.999
74,17,3,0.531
74,60,4,0.12375
74,29,5,0.18
74,41,9,0.41100000000000003
74,2,6,0.432
74,69,5,0.5598
74,18,2,0.9495
74,76,3,0.7320000000000001
74,13,3,0.996
74,78,6,0
74,40,2,0.4455
74,26,4,0.4995
74,58,2,0
74,21,3,0.6
74,56,2,0.945
74,57,1,0.8909999999999999
74,82,7,0
74,30,1,0.999
74,43,2,0.8955
74,15,2,0.999
74,54,7,0.12728571428571428
74,38,1,0.9
74,14,2,0.45
74,59,7,0.36771428571428577
74,79,1,0.9
74,23,6,0.363
74,19,5,0.43920000000000003
74,0,8,0.732375
74,32,2,0.8955
74,34,5,0.5796
74,45,4,0.24975
74,22,3,0.666
74,75,2,0.7965
74,86,1,0.9
74,49,9,0.1
74,12,1,0.396
74,89,1,0.9
74,16,3,0.7949999999999999
74,39,5,0.1386
74,6,5,0.54
74,20,6,0.165
74,3,2,0.9495
74,67,1,0.9
74,73,3,0
74,35,6,0.33
74,27,1,0.9
74,64,2,0.999
74,5,2,0
75,1,6,0
75,44,1,0.9
75,9,5,0.2988
75,8,4,0.12375000000000003
75,47,5,0.43920000000000003
75,50,6,0.3165
75,97,2,0.9495
75,17,3,0.531
75,60,4,0.17325
75,29,5,0.1998
75,41,9,0.41100000000000003
75,2,6,0.4815
75,69,5,0.3798
75,18,2,0.9495
75,76,3,0.333
75,13,3,0.9
75,78,6,0
75,40,2,0.5445
75,26,4,0.45
75,58,2,0
75,21,3,0.666
75,56,3,0.93
75,57,1,0.9899999999999999
75,82,8,0.124875
75,30,1,0.9
75,43,2,0.9944999999999999
75,15,2,0.9
75,4,1,0.999
75,54,7,0.1414285714285714
75,38,1,0.999
75,14,2,0
75,59,6,0.3795
75,79,1,0.999
75,23,6,0.44549999999999995
75,19,5,0.5382
75,0,2,0.4455
75,32,2,0.9944999999999999
75,34,5,0.5598
75,45,4,0.225
75,22,4,0.6975
75,75,2,0.7965
75,86,1,0.999
75,49,9,0.111
75,12,1,0.495
75,16,3,0.531
75,39,5,0.1386
75,6,6,0.432
75,20,6,0.24749999999999997
75,3,2,0.9495
75,73,3,0
75,35,7,0.4821428571428572
75,27,1,0.999
75,64,2,0.9
75,5,3,0
76,1,6,0
76,44,1,0.999
76,9,5,0.3384
76,8,4,0.14850000000000002
76,47,5,0.5184
76,50,6,0.3165
76,97,2,0.9495
76,17,3,0.597
76,60,4,0.2475
76,29,5,0.18
76,41,9,0.411
76,2,6,0.315
76,69,5,0.1998
76,18,2,0.9495
76,76,3,0.3
76,13,3,0.999
76,78,6,0
76,40,2,0.594
76,26,4,0.4995
76,58,2,0
76,21,3,0.6
76,56,3,0.963
76,57,2,0.45
76,82,8,0
76,30,1,0.999
76,43,2,0.9
76,15,2,0.999
76,4,1,0.9
76,54,7,0.1285714285714286
76,38,1,0.9
76,14,2,0
76,59,6,0.3960000000000001
76,79,1,0.9
76,23,6,0.3795
76,19,5,0.5382
76,0,2,0.7424999999999999
76,32,2,0.9
76,34,5,0.5796
76,45,4,0.24975
76,22,4,0.7245
76,75,2,0.8955
76,49,9,0.1
76,12,1,0.594
76,55,1,0.999
76,16,3,0.597
76,39,5,0.21780000000000005
76,6,6,0.4155
76,20,6,0.23099999999999998
76,3,2,0.9495
76,67,1,0.594
76,73,3,0
76,35,6,0.513
76,27,1,0.9
76,64,1,0.999
76,5,3,0.033
77,1,6,0.0165
77,44,1,0.801
77,9,5,0.35819999999999996
77,8,4,0.17325000000000002
77,47,6,0.5985
77,50,6,0.18300000000000002
77,97,1,0.999
77,17,3,0.597
77,60,4,0.297
77,29,5,0.21960000000000002
77,41,8,0.3375
77,2,6,0.333
77,69,5,0.18
77,18,2,0.9495
77,76,4,0.42300000000000004
77,13,3,0.9
77,78,6,0.0165
77,40,3,0.46199999999999997
77,26,4,0.47475
77,58,2,0
77,21,3,0.699
77,56,3,0.9
77,57,2,0.4995
77,82,8,0.012375
77,30,1,0.9
77,43,2,0.999
77,15,2,0.9
77,4,1,0.999
77,54,7,0.1427142857142857
77,38,1,0.999
77,14,2,0.0495
77,59,6,0.34800000000000003
77,79,1,0.999
77,23,6,0.4784999999999999
77,19,5,0.45899999999999996
77,0,2,0.6435
77,32,2,0.9495
77,34,5,0.5796
77,45,4,0.24975
77,22,4,0.7245
77,75,2,0.8955
77,49,9,0.12200000000000001
77,12,1,0.693
77,55,1,0.9
77,16,3,0.63
77,39,4,0.12375000000000004
77,6,6,0.4815
77,20,6,0.132
77,3,2,0.9495
77,67,1,0.693
77,73,3,0.033
77,35,6,0.5955
77,27,1,0.999
77,64,1,0.9
77,5,3,0.09900000000000002
78,1,6,0.033
78,44,1,0.801
78,9,5,0.4176
78,8,4,0.12375000000000001
78,47,5,0.5382
78,50,5,0.18
78,97,1,0.9
78,17,3,0.6629999999999999
78,60,3,0.33
78,29,5,0.21960000000000002
78,41,8,0.237375
78,2,6,0.3495
78,69,5,0.21960000000000002
78,18,2,0.9495
78,76,4,0.44775
78,13,3,0.999
78,78,6,0.033
78,40,3,0.5609999999999999
78,26,4,0.549
78,58,2,0.0495
78,21,3,0.36600000000000005
78,56,2,0.999
78,57,1,0.198
78,82,8,0.04950000000000001
78,30,1,0.999
78,43,2,0.9
78,15,2,0.999
78,4,1,0.9
78,54,7,0.1285714285714286
78,38,1,0.9
78,14,1,0
78,59,6,0.2655
78,79,1,0.9
78,23,5,0.6335999999999999
78,19,3,0.36600000000000005
78,0,11,0.4516363636363636
78,32,1,0.9
78,34,5,0.6192
78,45,5,0.43739999999999996
78,22,4,0.774
78,75,2,0.9944999999999999
78,49,9,0.12200000000000001
78,12,1,0.7919999999999999
78,55,1,0.999
78,16,3,0.399
78,39,4,0.12375000000000003
78,6,6,0.4815
78,20,6,0.09900000000000002
78,3,2,0.9495
78,67,1,0.7919999999999999
78,73,3,0.066
78,35,6,0.6615
78,27,1,0.9
78,64,1,0.999
78,5,2,0.14850000000000002
79,1,6,0.04950000000000001
79,9,5,0.43739999999999996
79,8,4,0.17325000000000002
79,47,5,0.5184
79,50,5,0.1998
79,97,1,0.999
79,17,3,0.6
79,60,3,0.363
79,29,5,0.1998
79,41,8,0.237375
79,2,5,0.3798
79,69,6,0.333
79,18,2,0.9495
79,76,4,0.54675
79,13,3,0.9
79,78,5,0
79,40,3,0.66
79,26,3,0.3
79,58,2,0.099
79,21,3,0.033
79,56,2,0.9
79,57,1,0.29700000000000004
79,82,8,3.469446951953614E-18
79,30,1,0.9
79,43,2,0.999
79,15,2,0.8505
79,4,1,0.999
79,54,7,0.21342857142857144
79,38,1,0.999
79,14,1,0
79,59,6,0.2985
79,79,1,0.999
79,23,5,0.7524
79,19,3,0.399
79,0,14,0.4609285714285714
79,32,2,0.7965
79,34,4,0.69975
79,45,5,0.36
79,22,3,0.9329999999999999
79,75,2,0.9
79,49,10,0.1089
79,12,1,0.8909999999999999
79,55,1,0.9
79,16,4,0.2745
79,39,4,-0.024749999999999973
79,6,6,0.39749999999999996
79,20,6,0.1485
79,3,2,0.9495
79,67,1,0.8909999999999999
79,73,3,0.09900000000000002
79,35,5,0.5346
79,27,1,0.999
79,64,1,0.9
79,5,2,0.198
80,1,5,0
80,9,4,0.47475
80,8,4,0.12375000000000003
80,47,6,0.648
80,50,5,0.18
80,97,1,0.9
80,17,4,0.6727500000000001
80,60,3,0.333
80,29,6,0.15
80,41,8,0.237375
80,2,5,0.3798
80,69,6,0.399
80,18,2,0.9495
80,76,3,0.63
80,13,3,0.999
80,78,5,0
80,40,3,0.6960000000000001
80,26,3,0.333
80,58,2,0.19800000000000004
80,21,3,0
80,56,2,0.999
80,57,1,0.396
80,82,8,-0.012374999999999997
80,43,2,0.9
80,15,3,0.5640000000000001
80,4,1,0.9
80,54,6,0.15
80,38,1,0.9
80,14,1,0
80,59,7,0.32657142857142857
80,79,2,0.9
80,23,5,0.8118000000000001
80,19,3,0.36600000000000005
80,0,12,0.4124999999999999
80,32,2,0.7965
80,34,4,0.7245
80,45,5,0.3996
80,22,4,0.8235
80,75,2,0.999
80,49,10,0.11879999999999999
80,12,1,0.9899999999999999
80,55,1,0.999
80,16,3,0.333
80,39,4,2.0816681711721685E-17
80,6,5,0.36000000000000004
80,20,6,0.1155
80,3,2,0.9495
80,67,1,0.9899999999999999
80,73,4,0.34875
80,35,5,0.6336
80,27,1,0.9
80,7,1,0.396
80,64,1,0.999
80,5,2,0.2475
81,1,5,0.0198
81,9,4,0.49950000000000006
81,8,4,-0.024749999999999994
81,47,6,0.5985
81,50,5,0.21960000000000002
81,97,1,0.999
81,17,3,0.831
81,60,3,0.432
81,29,6,0.1665
81,41,8,0.24975
81,2,5,0.39960000000000007
81,69,5,0.4194
81,18,2,0.9495
81,76,3,0.729
81,13,3,0.9
81,78,5,0.0198
81,40,3,0.7949999999999999
81,26,4,0.3735
81,58,2,0.396
81,21,3,0
81,56,2,0.9
81,57,1,0.495
81,82,8,0.012375
81,43,2,0.999
81,15,3,0.465
81,4,1,0.999
81,54,6,0.18300000000000002
81,14,1,0.099
81,59,7,0.1555714285714286
81,79,2,0.45
81,23,5,0.8711999999999998
81,19,3,0.465
81,0,10,0.41580000000000006
81,32,2,0.8955
81,34,5,0.4986
81,45,5,0.3798
81,22,4,0.8235
81,75,2,0.9
81,86,1,0.495
81,49,9,0.15400000000000003
81,12,2,0.45
81,55,2,0.45
81,16,3,0.333
81,39,5,0.11880000000000002
81,6,5,0.4194
81,20,6,0.13200000000000003
81,3,2,0.9495
81,67,2,0.7965
81,73,3,0.399
81,35,5,0.6948000000000001
81,27,2,0.747
81,7,1,0.495
81,5,2,0.3465
82,1,6,0.132
82,9,4,0.52425
82,8,4,0
82,47,6,0.648
82,50,6,0.28200000000000003
82,17,3,0.93
82,60,3,0.36600000000000005
82,29,6,0.1665
82,41,8,0.2745
82,2,5,0.2394
82,69,5,0.43920000000000003
82,18,2,0.9495
82,76,3,0.6
82,13,4,0.8482500000000001
82,78,5,0.05940000000000001
82,40,3,0.765
82,26,4,0.44775
82,58,2,0.495
82,21,3,0
82,56,2,0.999
82,57,1,0.594
82,82,7,0
82,43,2,0.9
82,15,3,0.531
82,4,2,0.747
82,54,7,0.24171428571428574
82,14,1,0.198
82,59,7,0.2404285714285714
82,79,2,0.4995
82,23,5,0.6948
82,19,3,0.49800000000000005
82,0,6,0.36300000000000004
82,32,2,0.8955
82,34,5,0.5382
82,45,4,0.52425
82,22,4,0.873
82,75,3,0.531
82,86,1,0.594
82,49,9,0.198
82,12,2,0.549
82,55,2,0.549
82,16,3,0.399
82,39,5,0.198
82,6,5,0.45899999999999996
82,20,6,0.06600000000000002
82,3,2,0.9495
82,67,2,0.8955
82,73,4,0.2745
82,35,5,0.594
82,27,2,0.747
82,7,1,0.594
82,5,2,0.3465
83,1,6,0.19799999999999998
83,9,5,0.5778000000000001
83,8,4,0
83,47,6,0.549
83,50,6,0.38100000000000006
83,97,1,0.594
83,17,3,0.8969999999999999
83,60,3,0.432
83,29,6,0.216
83,41,8,0.31162500000000004
83,2,5,0.2592
83,69,5,0.43920000000000003
83,18,1,0.999
83,76,4,0.5985
83,13,3,0.765
83,78,5,0.0792
83,40,3,0.798
83,26,4,0.49724999999999997
83,58,2,0.594
83,21,4,0.17325
83,56,2,0.9
83,57,1,0.693
83,82,7,0.014142857142857143
83,43,2,0.999
83,15,3,0.531
83,4,2,0.846
83,54,7,0.2982857142857143
83,14,1,0.29700000000000004
83,59,7,0.22628571428571428
83,79,2,0.45
83,23,5,0.5346
83,19,3,0.333
83,0,4,0.5985
83,32,2,0.9944999999999999
83,34,5,0.5976
83,45,4,0.49950000000000006
83,22,4,0.873
83,75,3,0.531
83,86,1,0.693
83,49,9,0.221
83,12,2,0.549
83,55,2,0.099
83,16,3,0.333
83,39,5,0.1782
83,6,5,0.558
83,51,1,0
83,20,6,0.09900000000000002
83,3,2,0.45
83,67,1,0.8909999999999999
83,73,4,0.24975
83,35,5,0.6354
83,27,2,0.846
83,7,1,0.693
83,5,2,0.39599999999999996
84,1,6,0.24749999999999997
84,44,1,0.999
84,9,5,0.6372
84,8,4,0
84,47,6,0.582
84,50,6,0.264
84,97,1,0.693
84,17,4,0.99675
84,60,3,0.19800000000000004
84,29,5,0.21960000000000002
84,41,8,0.24862500000000004
84,2,5,0.35819999999999996
84,69,5,0.43920000000000003
84,18,1,0.9
84,76,4,0.34875
84,13,3,0.864
84,78,5,0.11880000000000002
84,40,3,0.831
84,26,4,0.59625
84,58,1,0.8909999999999999
84,21,3,0.23099999999999998
84,56,2,0.999
84,57,1,0.7919999999999999
84,82,7,0.028285714285714286
84,43,2,0.9
84,15,3,0.26399999999999996
84,4,2,0.846
84,54,7,0.32657142857142857
84,14,1,0.396
84,59,7,0.19799999999999998
84,79,2,0.4995
84,23,5,0.19799999999999998
84,19,3,0.3
84,0,6,0.42900000000000005
84,32,3,0.7320000000000001
84,34,5,0.6569999999999999
84,45,4,0.57375
84,22,4,0.9225
84,75,3,0.597
84,86,1,0.7919999999999999
84,49,8,0.21150000000000002
84,12,2,0.648
84,55,2,0.14850000000000002
84,16,3,0.399
84,39,5,0.2574
84,6,4,0.37350000000000005
84,51,1,0.099
84,20,6,0.04950000000000001
84,3,2,0.4995
84,67,1,0.9899999999999999
84,73,4,0.29925
84,35,5,0.5147999999999999
84,27,2,0.846
84,7,1,0.7919999999999999
84,5,2,0.49499999999999994
85,1,6,0.297
85,44,1,0.9
85,9,4,0.5715
85,8,4,0
85,47,6,0.399
85,50,6,0.363
85,97,1,0.7919999999999999
85,17,4,0.9
85,60,3,0.09900000000000002
85,29,5,0.2988
85,41,7,0.2275714285714286
85,2,4,0.39825
85,69,6,0.432
85,18,1,0.999
85,76,4,0.39825
85,13,3,0.831
85,78,4,0.099
85,40,3,0.93
85,26,3,0.429
85,58,1,0.9899999999999999
85,21,3,0.32999999999999996
85,56,3,0.831
85,57,1,0.8909999999999999
85,82,7,0.05657142857142857
85,43,3,0.564
85,15,3,0.297
85,4,2,0.945
85,54,7,0.4255714285714286
85,59,7,0.1285714285714286
85,79,2,0.45
85,23,5,0
85,19,3,0.333
85,0,9,0.5070000000000001
85,32,3,0.831
85,34,5,0.7163999999999999
85,45,4,0.5737500000000001
85,22,3,0.93
85,75,3,0.597
85,86,1,0.8909999999999999
85,49,8,0.248625
85,12,2,0.648
85,55,2,0.198
85,16,3,0.3
85,39,5,0.33659999999999995
85,6,4,0.47250000000000003
85,51,1,0.198
85,20,6,0.066
85,3,2,0.45
85,67,1,0.9
85,73,4,0.29925
85,35,5,0.35639999999999994
85,27,2,0.945
85,7,1,0.8909999999999999
85,64,1,0.594
85,5,2,0.594
86,1,5,0.31679999999999997
86,44,1,0.999
86,9,4,0.5962500000000001
86,8,4,0
86,47,6,0.3165
86,50,5,0.396
86,97,1,0.8909999999999999
86,17,4,0.999
86,60,3,0
86,29,5,0.35819999999999996
86,41,7,0.14142857142857143
86,2,4,0.47250000000000003
86,69,6,0.5145000000000001
86,18,1,0.9
86,76,4,0.39825
86,13,3,0.93
86,78,4,0.17325000000000002
86,11,1,0.594
86,40,3,0.8969999999999999
86,26,3,0.528
86,58,1,0.9
86,21,3,0.429
86,56,3,0.597
86,57,1,0.9899999999999999
86,82,7,0.099
86,43,3,0.564
86,15,4,0.39599999999999996
86,4,2,0.945
86,54,6,0.46349999999999997
86,59,7,0.1427142857142857
86,79,2,0.4995
86,23,5,0
86,19,3,0
86,0,7,0.5657142857142856
86,32,3,0.498
86,34,5,0.7163999999999999
86,45,4,0.6727500000000001
86,22,3,0.963
86,75,3,0.6629999999999999
86,86,1,0.9899999999999999
86,49,8,0.347625
86,12,2,0.747
86,55,2,0.2475
86,16,4,0.3735
86,39,6,0.3465
86,6,4,0.4972500000000001
86,51,1,0.29700000000000004
86,20,6,0
86,3,3,0.531
86,67,1,0.999
86,73,4,0.37350000000000005
86,35,5,0.35819999999999996
86,27,2,0.49499999999999994
86,7,1,0.9899999999999999
86,64,1,0.693
86,5,2,0.5985
87,1,5,0.3582000000000001
87,44,1,0.9
87,9,4,0.6952499999999999
87,8,4,0
87,47,6,0.1665
87,50,5,0.4572
87,97,1,0.9899999999999999
87,17,4,0.9
87,60,3,0
87,29,6,0.48000000000000004
87,41,7,0.21214285714285713
87,2,4,0.522
87,69,6,0.465
87,18,2,0.846
87,76,4,0.44775
87,13,3,0.8969999999999999
87,78,4,0.24750000000000003
87,11,1,0.693
87,40,3,0.6629999999999999
87,26,3,0.5640000000000001
87,58,1,0.999
87,21,3,0.49499999999999994
87,56,3,0.597
87,57,1,0.9
87,82,7,0.12728571428571428
87,43,3,0.63
87,15,4,0.39825
87,4,2,0.7965
87,54,6,0.498
87,87,1,0.693
87,59,7,0.1285714285714286
87,79,2,0.45
87,23,5,0
87,19,3,0
87,0,4,0.594
87,32,3,0.564
87,34,5,0.6984
87,45,4,0.72225
87,22,4,0.8235
87,75,3,0.6
87,86,1,0.9
87,49,7,0.32657142857142857
87,12,2,0.747
87,55,2,0.297
87,16,4,0.3735
87,39,6,0.3645
87,6,4,0.44775
87,51,1,0.396
87,20,6,0
87,3,3,0.23099999999999998
87,67,1,0.9
87,73,4,0.198
87,35,5,0.19799999999999998
87,27,2,0.45
87,7,1,0.9
87,64,1,0.7919999999999999
87,5,2,0.09900000000000002
88,1,5,0.43739999999999996
88,44,1,0.999
88,9,4,0.6975
88,8,4,0
88,47,6,0.15
88,50,6,0.43050000000000005
88,97,1,0.9
88,17,3,0.999
88,60,3,0
88,29,5,0.5364
88,41,7,0.29700000000000004
88,2,4,0.5962500000000001
88,69,6,0.531
88,18,2,0.846
88,76,4,0.44775
88,13,3,0.996
88,78,4,0.32175
88,11,1,0.7919999999999999
88,40,4,0.225
88,26,3,0.6629999999999999
88,58,1,0.9
88,21,3,0.36600000000000005
88,56,3,0.6629999999999999
88,57,1,0.999
88,82,6,0.09900000000000002
88,43,3,0.32999999999999996
88,15,4,0.44775
88,4,2,0.8955
88,54,6,0.414
88,87,1,0.7919999999999999
88,59,7,0.1427142857142857
88,79,2,0.4995
88,23,6,0.09899999999999999
88,19,3,0
88,0,4,0.6705
88,32,3,0.564
88,34,5,0.7974
88,45,4,0.82125
88,22,4,0.873
88,75,3,0.333
88,86,1,0.999
88,49,8,0.421875
88,12,2,0.3465
88,55,2,0.3465
88,16,4,0.423
88,39,6,0.34800000000000003
88,6,4,0.49725
88,51,1,0.495
88,20,6,0
88,3,3,0.26399999999999996
88,73,5,0.198
88,35,5,0.18
88,27,2,0.4995
88,64,1,0.8909999999999999
88,5,2,0.2475
89,1,5,0.5166000000000001
89,44,1,0.9
89,9,3,0.831
89,8,4,0
89,47,6,0.1665
89,50,6,0.33149999999999996
89,97,1,0.999
89,17,3,0.9
89,60,3,0
89,29,5,0.5364
89,41,6,0.21450000000000002
89,2,3,0.3960000000000001
89,69,5,0.5976
89,18,2,0.945
89,76,5,0.5778
89,13,2,0.9
89,78,5,0.495
89,11,1,0.8909999999999999
89,40,4,0.2745
89,26,3,0.465
89,58,1,0.999
89,21,3,0.36600000000000005
89,56,3,0.3
89,57,1,0
89,82,6,0.1485
89,30,1,0.693
89,43,3,0.3
89,15,4,0.44775
89,4,2,0.8955
89,54,6,0.4635
89,87,1,0.8909999999999999
89,59,7,0
89,79,2,0.45
89,23,6,0.11549999999999999
89,19,3,0
89,0,8,0.6705000000000001
89,32,3,0.63
89,34,4,0.7987500000000001
89,45,4,0.8212499999999999
89,22,4,0.873
89,75,3,0.3
89,49,8,0.48375000000000007
89,12,2,0.39599999999999996
89,55,2,0.39599999999999996
89,16,4,0.423
89,39,6,0.3645
89,6,4,0.4725
89,51,1,0.594
89,20,6,0
89,3,3,0.297
89,73,4,0.27225
89,35,5,0
89,27,2,0.45
89,7,1,0.594
89,64,1,0.9899999999999999
89,5,2,0.34650000000000003
90,1,4,0.5715
90,44,2,0.999
90,9,3,0.798
90,8,4,0
90,47,7,0.11314285714285713
90,50,6,0.3495
90,97,1,0.9
90,17,3,0.999
90,60,3,0
90,29,5,0.576
90,41,6,0.2970000000000001
90,2,3,0.49499999999999994
90,69,5,0.5166000000000001
90,18,1,0.9899999999999999
90,76,5,0.3798
90,13,2,0.999
90,78,4,0.51975
90,11,1,0.9899999999999999
90,40,4,0.2745
90,26,3,0.36600000000000005
90,58,1,0.9
90,21,3,0.399
90,56,3,0.333
90,57,1,0.099
90,82,6,0.2145
90,30,1,0.7919999999999999
90,43,3,0.333
90,15,4,0.49724999999999997
90,4,2,0.9944999999999999
90,54,5,0.4968
90,38,1,0.7919999999999999
90,87,1,0.9899999999999999
90,59,8,0.124875
90,79,3,0.597
90,23,6,0.13199999999999998
90,19,3,0
90,0,9,0.705
90,32,3,0.63
90,34,4,0.89775
90,45,3,0.828
90,22,4,0.9225
90,75,3,0.333
90,49,8,0.58275
90,12,2,0.44549999999999995
90,55,2,0.44549999999999995
90,16,4,0.4725
90,39,6,0.33149999999999996
90,6,4,0.37350000000000005
90,51,1,0.693
90,20,6,0
90,3,3,0.32999999999999996
90,73,4,0.34650000000000003
90,35,5,0
90,27,2,0.4995
90,7,1,0.693
90,64,1,0.9
90,5,1,0.29700000000000004
91,1,5,0.6749999999999999
91,44,2,0.9
91,9,3,0.8969999999999999
91,8,4,0
91,47,7,0.12728571428571428
91,50,6,0.399
91,97,1,0.594
91,17,3,0.9
91,60,3,0
91,29,5,0.4986
91,41,6,0.24750000000000003
91,2,3,0.6269999999999999
91,69,6,0.5475
91,18,1,0.9
91,76,5,0.3798
91,13,2,0.9
91,78,4,0.594
91,11,1,0.9
91,40,4,0.324
91,26,4,0.522
91,58,1,0.999
91,21,4,0.49724999999999997
91,56,3,0.3
91,57,1,0.198
91,82,5,0.17820000000000003
91,30,1,0.8909999999999999
91,43,3,0.3
91,15,4,0.45
91,4,2,0.9
91,54,5,0.5166000000000001
91,38,1,0.8909999999999999
91,87,1,0.9
91,59,8,0.1125
91,79,3,0.597
91,23,6,0.1485
91,19,3,0
91,0,5,0.7343999999999999
91,32,3,0.633
91,34,4,0.7717499999999999
91,45,3,0.798
91,22,3,0.93
91,75,3,0.3
91,49,8,0.6457499999999999
91,12,2,0.49499999999999994
91,55,2,0.49499999999999994
91,89,1,-0.09899999999999998
91,16,4,0.4725
91,39,6,0.3
91,6,4,0.49725
91,51,1,0.7919999999999999
91,20,7,0.1427142857142857
91,3,3,0.3
91,73,4,0.22275000000000003
91,35,5,0
91,27,2,0.45
91,7,1,0.7919999999999999
91,64,1,0.999
91,5,1,0.396
92,1,5,0.7541999999999999
92,44,2,0.999
92,9,3,0.6
92,8,4,0
92,47,7,0.1414285714285714
92,50,5,0.43920000000000003
92,97,1,0.693
92,17,3,0.999
92,60,3,0
92,29,5,0.558
92,41,6,0.21450000000000002
92,2,3,0.726
92,69,6,0.564
92,18,1,0.999
92,76,5,0.3798
92,13,2,0.999
92,78,4,0.693
92,11,1,0.999
92,40,4,0.324
92,26,4,0.5962500000000001
92,58,1,0.9
92,21,3,0.5640000000000001
92,56,3,0.333
92,57,1,0.29700000000000004
92,82,5,0.2178
92,30,1,0.9899999999999999
92,43,4,0.49724999999999997
92,15,4,0.4995
92,4,2,0.999
92,54,4,0.5715
92,38,1,0.9899999999999999
92,87,1,0.999
92,59,8,0.124875
92,79,3,0.6629999999999999
92,23,6,0.16499999999999998
92,19,3,0
92,0,4,0.5197499999999999
92,32,4,0.67275
92,34,5,0.8963999999999999
92,45,3,0.8969999999999999
92,22,3,0.963
92,75,3,0.333
92,49,8,0.644625
92,12,2,0.45
92,55,2,0
92,89,1,0
92,16,4,0.225
92,39,7,0.26999999999999996
92,6,4,0.522
92,51,1,0.8909999999999999
92,20,7,0.1285714285714286
92,3,3,0.333
92,73,4,0.198
92,35,5,0
92,27,2,0.4995
92,7,1,0.8909999999999999
92,64,1,0.9
92,5,1,0.495
93,1,4,0.747
93,44,2,0.9
93,9,3,0.699
93,8,4,0
93,47,7,0.1285714285714286
93,50,5,0.4788
93,97,1,0.7919999999999999
93,17,3,0.9
93,60,3,0
93,29,5,0.49860000000000004
93,41,6,0.1815
93,2,3,0.762
93,69,6,0.5804999999999999
93,18,1,0.9
93,76,5,0.3798
93,13,2,0.9
93,78,3,0.6960000000000001
93,11,1,0.9
93,40,4,0.12375
93,26,3,0.666
93,58,1,0.999
93,21,3,0.6629999999999999
93,56,4,0.3735
93,57,1,0.396
93,82,5,0.31679999999999997
93,30,1,0.9
93,43,4,0.45
93,15,4,0.45
93,4,2,0.9
93,54,4,0.6457499999999999
93,38,1,0.9
93,87,1,0.9
93,59,8,0.1125
93,79,3,0.3
93,23,6,0.15
93,19,3,0
93,0,7,0.693
93,32,4,0.6975
93,34,4,0.8482500000000001
93,45,2,0.9
93,22,3,0.9329999999999999
93,75,3,0.3
93,49,8,0.534375
93,12,2,0.4995
93,55,2,0
93,89,1,0
93,16,4,0.24975
93,39,7,0.26999999999999996
93,6,4,0.297
93,51,1,0.9899999999999999
93,20,7,0.1427142857142857
93,3,3,0.3
93,67,1,0.8909999999999999
93,73,4,0.17325000000000002
93,35,5,0
93,27,2,0.45
93,7,1,0.9899999999999999
93,64,1,0.999
93,5,1,0.594
94,1,4,0.846
94,44,2,0.999
94,9,3,0.666
94,8,4,0
94,47,7,0.1427142857142857
94,50,5,0.5382
94,97,1,0.8909999999999999
94,17,3,0.999
94,60,4,0
94,29,5,0.6768
94,41,6,0.24750000000000003
94,2,3,0.894
94,69,6,0.49950000000000006
94,18,1,0.999
94,76,5,0.3798
94,13,2,0.999
94,78,3,0.7949999999999999
94,11,1,0.999
94,40,4,0.1485
94,26,4,0.82125
94,58,1,0.9
94,21,3,0.6960000000000001
94,56,4,0.423
94,57,1,0.495
94,82,5,0.23760000000000003
94,30,1,0.999
94,43,4,0.4995
94,15,4,0.24975
94,4,2,0.999
94,54,3,0.6960000000000001
94,38,1,0.999
94,87,1,0.594
94,59,8,0.124875
94,79,3,0.333
94,23,7,0.26999999999999996
94,19,3,0
94,0,5,0.693
94,32,4,0.49724999999999997
94,34,3,0.999
94,45,2,0.999
94,22,4,0.873
94,75,3,0.333
94,49,8,0.583875
94,12,2,0.45
94,55,2,0
94,89,1,-0.09899999999999998
94,16,4,0.225
94,39,7,0.2712857142857143
94,6,4,0.37124999999999997
94,51,1,0.9
94,20,7,0.1285714285714286
94,3,3,0.333
94,67,1,0.9899999999999999
94,73,4,0.22275
94,35,5,0
94,27,2,0.4995
94,7,1,0.9
94,64,1,0.9
94,5,1,0.693
95,1,4,0.846
95,44,2,0.9
95,9,3,0.465
95,8,4,0
95,47,7,0.1285714285714286
95,50,4,0.62325
95,97,1,0.9899999999999999
95,17,2,0.9
95,60,4,0.02475
95,29,5,0.6786000000000001
95,41,6,0.14850000000000002
95,2,3,0.864
95,69,6,0.516
95,18,2,0.747
95,76,5,0.3798
95,13,1,0.9
95,78,3,0.828
95,11,1,0.9
95,40,4,0.17325
95,26,4,0.774
95,58,1,0.999
95,21,2,0.945
95,56,4,0.423
95,57,1,0.594
95,82,5,0.33659999999999995
95,30,1,0.9
95,43,4,0.45
95,15,4,0.225
95,4,1,0.9
95,54,3,0.729
95,38,2,0.945
95,87,1,0.693
95,59,8,0.1125
95,79,4,0.44775
95,23,7,0.26999999999999996
95,19,3,0
95,0,6,0.5805
95,32,4,0.45
95,34,3,0.9
95,45,2,0.9
95,22,4,0.84825
95,75,3,0
95,49,8,0.7323750000000001
95,12,2,0.4995
95,55,2,0
95,89,1,2.7755575615628914E-17
95,16,4,0.24975
95,39,7,0.2712857142857143
95,6,4,0.324
95,51,1,0
95,20,7,0.1427142857142857
95,3,3,0.3
95,67,1,0.9
95,73,5,0.23759999999999998
95,35,5,0
95,27,2,0.45
95,7,1,0.999
95,64,1,0.999
95,5,1,0.7919999999999999
96,1,3,0.93
96,44,2,0.999
96,9,2,0.549
96,8,4,0
96,47,7,0.1427142857142857
96,50,4,0.6727500000000001
96,97,1,0.9
96,17,2,0.999
96,60,4,0.0495
96,29,5,0.639
96,41,6,0.315
96,2,3,0.666
96,69,6,0.5820000000000001
96,18,2,0.846
96,76,6,0.333
96,13,1,0.999
96,78,2,0.8955
96,11,1,0.999
96,40,4,0.19799999999999998
96,26,4,0.873
96,58,1,0.9
96,21,2,0.945
96,56,4,0.4725
96,57,1,0.693
96,82,5,0.4356
96,30,2,0.7965
96,43,4,0.4995
96,15,4,0.24975
96,4,1,0.999
96,54,2,0.7965
96,38,2,0.9495
96,87,1,0.7919999999999999
96,59,8,0.124875
96,79,4,0.49724999999999997
96,23,7,0.2712857142857143
96,19,4,0.1485
96,0,8,0.68175
96,32,4,0.4995
96,34,3,0.999
96,45,2,0.999
96,22,3,0.8969999999999999
96,75,3,0
96,49,8,0.80775
96,12,2,0.45
96,55,2,0
96,89,1,0.09900000000000003
96,16,4,0.225
96,39,7,0.1285714285714286
96,6,4,0.423
96,51,2,0
96,20,7,0.1285714285714286
96,3,3,0.333
96,67,1,0.999
96,73,5,0.23759999999999998
96,35,5,0
96,27,2,0
96,64,1,0.9
96,5,1,0.8909999999999999
97,1,3,0.8969999999999999
97,44,2,0.9
97,9,2,0.5985
97,8,4,0.02475
97,47,7,0.32657142857142857
97,50,4,0.6975
97,97,1,0.999
97,17,2,0.9
97,60,4,0.099
97,29,5,0.5598
97,41,6,0.2325
97,2,3,0.633
97,69,5,0.3996
97,18,2,0.846
97,76,6,0.3165
97,13,1,0.9
97,78,2,0.846
97,11,1,0.9
97,40,4,0.24749999999999997
97,26,4,0.9
97,58,1,0.999
97,21,2,0.9495
97,56,4,0.49724999999999997
97,57,1,0.7919999999999999
97,82,6,0.34650000000000003
97,30,1,0.693
97,43,5,0.4590000000000001
97,15,4,0.24975
97,4,2,0.9
97,54,2,0.7965
97,38,2,0.9495
97,87,1,0.8909999999999999
97,59,8,0
97,79,4,0.45
97,23,7,0.2712857142857143
97,19,4,0.19799999999999998
97,0,5,0.5562
97,32,4,0.45
97,34,4,0.92475
97,45,2,0.9
97,22,3,0.864
97,75,3,0.13200000000000003
97,86,1,0.693
97,49,8,0.7334999999999999
97,12,2,0.648
97,55,2,0.0495
97,16,4,0.2745
97,39,7,0.15685714285714286
97,6,4,0.324
97,51,2,0.0495
97,20,7,0.15685714285714286
97,3,3,0.3
97,67,2,0.945
97,73,5,0.11880000000000002
97,35,5,0
97,27,1,0
97,64,1,0.999
97,5,1,0.9899999999999999
98,1,4,0.87075
98,44,2,0.9495
98,9,2,0.549
98,8,4,0.0495
98,47,8,0.298125
98,50,4,0.6232500000000001
98,97,1,0.9
98,17,2,0.999
98,60,4,0.14850000000000002
98,29,5,0.5796
98,41,6,0.2655
98,2,3,0.7320000000000001
98,69,5,0.3798
98,18,2,0.945
98,76,6,0.3825
98,13,1,0.999
98,78,1,0.999
98,11,1,0.999
98,40,4,0.297
98,26,4,0.97425
98,58,1,0.9
98,21,2,0.9495
98,56,3,0.3
98,57,1,0.8909999999999999
98,82,5,0.2772
98,30,1,0.7919999999999999
98,43,5,0.3384
98,15,3,0
98,4,2,0.999
98,54,2,0.8955
98,38,1,0.9
98,87,1,0.9899999999999999
98,59,8,0
98,79,4,0.4995
98,23,7,0.2854285714285714
98,19,4,0.2475
98,0,9,0.396
98,32,4,0.24975
98,34,5,0.9593999999999999
98,45,2,0.9495
98,22,3,0.963
98,75,3,0.13200000000000003
98,86,1,0.7919999999999999
98,49,8,0.65925
98,12,1,0.801
98,55,2,0.099
98,16,4,0.2745
98,39,7,0.15685714285714286
98,6,3,0.36600000000000005
98,51,2,0.099
98,20,6,0.15
98,3,3,0.333
98,67,2,0.9495
98,73,4,0.07425000000000004
98,35,5,0
98,27,2,0.3465
98,64,1,0.9
98,5,2,0.45
99,1,3,0.831
99,44,1,0.9
99,9,2,0.5985
99,8,3,0
99,47,7,0.14142857142857143
99,50,4,0.52425
99,97,1,0.594
99,17,2,0.9
99,60,5,0.17820000000000003
99,29,5,0.3798
99,41,6,0.18300000000000002
99,2,3,0.699
99,69,5,0.3798
99,18,2,0.945
99,76,6,0.3
99,13,1,0.9
99,78,1,0.9
99,11,1,0.9
99,40,3,0.3
99,26,4,0.92475
99,58,1,0.999
99,21,1,0.999
99,56,3,0.333
99,57,1,0.9899999999999999
99,82,5,0.33659999999999995
99,30,1,0.8909999999999999
99,43,4,0.3735
99,15,3,0
99,4,2,0.9
99,54,2,0.846
99,38,1,0.999
99,87,1,0.9
99,59,8,0.012375
99,79,4,0.47475
99,23,6,0.3495000000000001
99,19,4,0.297
99,0,16,0.4213125
99,32,4,0.24975
99,34,5,0.9
99,45,2,0.549
99,22,3,0.93
99,75,3,0.03300000000000002
99,86,1,0.8909999999999999
99,49,7,0.6120000000000001
99,12,1,0.29700000000000004
99,55,1,0
99,16,4,0.09900000000000002
99,39,7,0.1427142857142857
99,6,3,0.333
99,51,2,0.14850000000000002
99,20,6,0.1665
99,3,4,0.47024999999999995
99,67,2,0.9495
99,73,4,0.12375000000000001
99,35,5,0
99,27,2,0.39599999999999996
99,64,1,0.999
99,5,2,0.4995
100,1,3,0.93
100,44,1,0.999
100,9,3,0.432
100,8,3,0
100,47,7,0.1697142857142857
100,50,4,0.47475
100,97,1,0.693
100,17,2,0.9495
100,60,4,0.198
100,29,5,0.43920000000000003
100,41,6,0.24900000000000003
100,2,4,0.7245
100,69,6,0.399
100,18,2,0.9495
100,76,6,0.15
100,13,1,0.999
100,78,1,0.999
100,11,2,0.7965
100,40,3,0.333
100,26,4,0.9742500000000001
100,58,1,0.9
100,21,3,0.798
100,56,4,0.3735
100,57,1,0.9
100,82,5,0.23760000000000003
100,30,1,0.9899999999999999
100,43,4,0.423
100,15,3,0
100,4,1,0.999
100,54,2,0.4995
100,38,1,0.9
100,87,1,0.999
100,59,8,0.02475
100,79,5,0.6192
100,23,5,0.19980000000000003
100,19,3,0.32999999999999996
100,0,14,0.41014285714285714
100,32,5,0.35819999999999996
100,34,5,0.9593999999999999
100,45,2,0.5985
100,22,3,0.9660000000000001
100,75,3,9.25185853854297E-18
100,86,1,0.9899999999999999
100,49,7,0.513
100,12,2,0.4995
100,55,2,0.45
100,16,3,2.7755575615628914E-17
100,39,7,0
100,6,3,0.36600000000000005
100,51,1,0.396
100,20,6,0
100,3,3,0.531
100,67,1,0.9
100,73,4,0.17325000000000002
100,35,5,0
100,27,2,0.44549999999999995
100,5,2,0.099
ticks,road-section,number-of-cars,mean-speed
ticks,road-section,number-of-cars,mean-speed
ticks,road-section,number-of-cars,mean-speed
ticks,road-section,number-of-cars,mean-speed
ticks,road-section,number-of-cars,mean-speed
ticks,road-section,number-of-cars,mean-speed
